<ImportExportXml xmlns:xsi="http://www.w3.org/2001/XMLSchema-instance">
  <Entities></Entities>
  <Roles></Roles>
  <Workflows></Workflows>
  <FieldSecurityProfiles></FieldSecurityProfiles>
  <Templates />
  <EntityMaps />
  <EntityRelationships />
  <OrganizationSettings />
  <optionsets />
  <WebResources>
    <WebResource>
      <WebResourceId>{7a2906e2-b62b-e511-9437-00155d14e661}</WebResourceId>
      <Name>udo_CrmRestKit2011.js</Name>
      <DisplayName>udo_CrmRestKit2011.js</DisplayName>
      <Description>Modified to support OrderBy tacked onto byQuery and byQueryAll</Description>
      <WebResourceType>3</WebResourceType>
      <IntroducedVersion>2015.07.16.01</IntroducedVersion>
      <IsEnabledForMobileClient>0</IsEnabledForMobileClient>
      <IsAvailableForMobileOffline>0</IsAvailableForMobileOffline>
      <IsCustomizable>1</IsCustomizable>
      <CanBeDeleted>1</CanBeDeleted>
      <IsHidden>0</IsHidden>
      <FileName>/WebResources/udo_CrmRestKit2011js7A2906E2-B62B-E511-9437-00155D14E661</FileName>
    </WebResource>
    <WebResource>
      <WebResourceId>{bc6eeeaf-5395-e411-8100-00155d31ad03}</WebResourceId>
      <Name>udo_SelectRequest.js</Name>
      <DisplayName>udo_selectrequest.js</DisplayName>
      <WebResourceType>3</WebResourceType>
      <IntroducedVersion>0.1.1.0</IntroducedVersion>
      <IsEnabledForMobileClient>0</IsEnabledForMobileClient>
      <IsAvailableForMobileOffline>0</IsAvailableForMobileOffline>
      <IsCustomizable>1</IsCustomizable>
      <CanBeDeleted>1</CanBeDeleted>
      <IsHidden>0</IsHidden>
      <FileName>/WebResources/udo_SelectRequestjsBC6EEEAF-5395-E411-8100-00155D31AD03</FileName>
    </WebResource>
    <WebResource>
      <WebResourceId>{6f83c5d1-5495-e411-8100-00155d31ad03}</WebResourceId>
      <Name>udo_SelectRequest.html</Name>
      <DisplayName>udo_SelectRequest.html</DisplayName>
      <WebResourceType>1</WebResourceType>
      <IntroducedVersion>0.1.1.0</IntroducedVersion>
      <IsEnabledForMobileClient>0</IsEnabledForMobileClient>
      <IsAvailableForMobileOffline>0</IsAvailableForMobileOffline>
      <IsCustomizable>1</IsCustomizable>
      <CanBeDeleted>1</CanBeDeleted>
      <IsHidden>0</IsHidden>
      <FileName>/WebResources/udo_SelectRequesthtml6F83C5D1-5495-E411-8100-00155D31AD03</FileName>
    </WebResource>
    <WebResource>
      <WebResourceId>{11653c2e-8be4-e511-9438-0050568df261}</WebResourceId>
      <Name>udo_notes/XrmSvcToolkit.js</Name>
      <DisplayName>udo_notes/XrmSvcToolkit.js</DisplayName>
      <WebResourceType>3</WebResourceType>
      <IntroducedVersion>2016.03.07</IntroducedVersion>
      <IsEnabledForMobileClient>0</IsEnabledForMobileClient>
      <IsAvailableForMobileOffline>0</IsAvailableForMobileOffline>
      <IsCustomizable>1</IsCustomizable>
      <CanBeDeleted>1</CanBeDeleted>
      <IsHidden>0</IsHidden>
      <FileName>/WebResources/udo_notesXrmSvcToolkitjs11653C2E-8BE4-E511-9438-0050568DF261</FileName>
    </WebResource>
  </WebResources>
  <Languages>
    <Language>1033</Language>
  </Languages>
</ImportExportXml>