<ImportExportXml version="8.2.0002.0112" SolutionPackageVersion="8.2" languagecode="1033" generatedBy="OnPremise" xmlns:xsi="http://www.w3.org/2001/XMLSchema-instance">
  <SolutionManifest>
    <UniqueName>CRMUDOLCSPrepUnManagedWebResourcesShell</UniqueName>
    <LocalizedNames>
      <LocalizedName description="CRM UDO LCS Prep UnManaged Web Resources Shell" languagecode="1033" />
    </LocalizedNames>
    <Descriptions />
    <Version>1.0</Version>
    <Managed>0</Managed>
    <Publisher>
      <UniqueName>udo</UniqueName>
      <LocalizedNames>
        <LocalizedName description="UDO" languagecode="1033" />
      </LocalizedNames>
      <Descriptions />
      <EMailAddress xsi:nil="true"></EMailAddress>
      <SupportingWebsiteUrl xsi:nil="true"></SupportingWebsiteUrl>
      <CustomizationPrefix>udo</CustomizationPrefix>
      <CustomizationOptionValuePrefix>75228</CustomizationOptionValuePrefix>
      <Addresses>
        <Address>
          <AddressNumber>1</AddressNumber>
          <AddressTypeCode>1</AddressTypeCode>
          <City xsi:nil="true"></City>
          <County xsi:nil="true"></County>
          <Country xsi:nil="true"></Country>
          <Fax xsi:nil="true"></Fax>
          <FreightTermsCode xsi:nil="true"></FreightTermsCode>
          <ImportSequenceNumber xsi:nil="true"></ImportSequenceNumber>
          <Latitude xsi:nil="true"></Latitude>
          <Line1 xsi:nil="true"></Line1>
          <Line2 xsi:nil="true"></Line2>
          <Line3 xsi:nil="true"></Line3>
          <Longitude xsi:nil="true"></Longitude>
          <Name xsi:nil="true"></Name>
          <PostalCode xsi:nil="true"></PostalCode>
          <PostOfficeBox xsi:nil="true"></PostOfficeBox>
          <PrimaryContactName xsi:nil="true"></PrimaryContactName>
          <ShippingMethodCode>1</ShippingMethodCode>
          <StateOrProvince xsi:nil="true"></StateOrProvince>
          <Telephone1 xsi:nil="true"></Telephone1>
          <Telephone2 xsi:nil="true"></Telephone2>
          <Telephone3 xsi:nil="true"></Telephone3>
          <TimeZoneRuleVersionNumber xsi:nil="true"></TimeZoneRuleVersionNumber>
          <UPSZone xsi:nil="true"></UPSZone>
          <UTCOffset xsi:nil="true"></UTCOffset>
          <UTCConversionTimeZoneCode xsi:nil="true"></UTCConversionTimeZoneCode>
        </Address>
        <Address>
          <AddressNumber>2</AddressNumber>
          <AddressTypeCode>1</AddressTypeCode>
          <City xsi:nil="true"></City>
          <County xsi:nil="true"></County>
          <Country xsi:nil="true"></Country>
          <Fax xsi:nil="true"></Fax>
          <FreightTermsCode xsi:nil="true"></FreightTermsCode>
          <ImportSequenceNumber xsi:nil="true"></ImportSequenceNumber>
          <Latitude xsi:nil="true"></Latitude>
          <Line1 xsi:nil="true"></Line1>
          <Line2 xsi:nil="true"></Line2>
          <Line3 xsi:nil="true"></Line3>
          <Longitude xsi:nil="true"></Longitude>
          <Name xsi:nil="true"></Name>
          <PostalCode xsi:nil="true"></PostalCode>
          <PostOfficeBox xsi:nil="true"></PostOfficeBox>
          <PrimaryContactName xsi:nil="true"></PrimaryContactName>
          <ShippingMethodCode>1</ShippingMethodCode>
          <StateOrProvince xsi:nil="true"></StateOrProvince>
          <Telephone1 xsi:nil="true"></Telephone1>
          <Telephone2 xsi:nil="true"></Telephone2>
          <Telephone3 xsi:nil="true"></Telephone3>
          <TimeZoneRuleVersionNumber xsi:nil="true"></TimeZoneRuleVersionNumber>
          <UPSZone xsi:nil="true"></UPSZone>
          <UTCOffset xsi:nil="true"></UTCOffset>
          <UTCConversionTimeZoneCode xsi:nil="true"></UTCConversionTimeZoneCode>
        </Address>
      </Addresses>
    </Publisher>
    <RootComponents>
      <RootComponent type="61" schemaName="crme_jquery1.4.1vsdoc.js" behavior="0" />
      <RootComponent type="61" schemaName="crme_REST.js" behavior="0" />
      <RootComponent type="61" schemaName="crme_SDK.REST.js" behavior="0" />
      <RootComponent type="61" schemaName="crme_style.css" behavior="0" />
      <RootComponent type="61" schemaName="new_crm_udo_vt_getAttribs.js" behavior="0" />
      <RootComponent type="61" schemaName="new_jquery_1.9.1.min" behavior="0" />
      <RootComponent type="61" schemaName="new_LoadReport" behavior="0" />
      <RootComponent type="61" schemaName="new_testctrl.html" behavior="0" />
      <RootComponent type="61" schemaName="udo_/scripts/js/pcrScripts.js" behavior="0" />
      <RootComponent type="61" schemaName="udo_/scripts/jurisdictions_routing.html" behavior="0" />
      <RootComponent type="61" schemaName="udo_/Styles/announcements.css" behavior="0" />
      <RootComponent type="61" schemaName="udo_/UD/css/template.css" behavior="0" />
      <RootComponent type="61" schemaName="udo_/UD/Scripts/CrmRestKit_2011.js" behavior="0" />
      <RootComponent type="61" schemaName="udo_/UD/Scripts/jquery_1.10.2.min.js" behavior="0" />
      <RootComponent type="61" schemaName="udo_/UD/Scripts/udo_pcrScripts.js" behavior="0" />
      <RootComponent type="61" schemaName="udo_/walkin/carltontest.html" behavior="0" />
      <RootComponent type="61" schemaName="udo_/walkin/css/bootstrap.css" behavior="0" />
      <RootComponent type="61" schemaName="udo_/walkin/css/bootstrap.min.css" behavior="0" />
      <RootComponent type="61" schemaName="udo_/walkin/css/bootstrap2_toggle.css" behavior="0" />
      <RootComponent type="61" schemaName="udo_/walkin/css/bootstrap_flatly.css" behavior="0" />
      <RootComponent type="61" schemaName="udo_/walkin/css/bootstrap_flatly.min.css" behavior="0" />
      <RootComponent type="61" schemaName="udo_/walkin/css/bootstrap_more.css" behavior="0" />
      <RootComponent type="61" schemaName="udo_/walkin/css/bootstrap_theme.css" behavior="0" />
      <RootComponent type="61" schemaName="udo_/walkin/css/bootstrap_theme.min.css" behavior="0" />
      <RootComponent type="61" schemaName="udo_/walkin/css/magicsuggest.css" behavior="0" />
      <RootComponent type="61" schemaName="udo_/walkin/css/walkin.css" behavior="0" />
      <RootComponent type="61" schemaName="udo_/walkin/jquery_ui/external/jquery/jquery.js" behavior="0" />
      <RootComponent type="61" schemaName="udo_/walkin/jquery_ui/index.html" behavior="0" />
      <RootComponent type="61" schemaName="udo_/walkin/jquery_ui/jquery_ui.css" behavior="0" />
      <RootComponent type="61" schemaName="udo_/walkin/jquery_ui/jquery_ui.js" behavior="0" />
      <RootComponent type="61" schemaName="udo_/walkin/jquery_ui/jquery_ui.min.css" behavior="0" />
      <RootComponent type="61" schemaName="udo_/walkin/jquery_ui/jquery_ui.min.js" behavior="0" />
      <RootComponent type="61" schemaName="udo_/walkin/jquery_ui/jquery_ui.structure.css" behavior="0" />
      <RootComponent type="61" schemaName="udo_/walkin/jquery_ui/jquery_ui.structure.min.css" behavior="0" />
      <RootComponent type="61" schemaName="udo_/walkin/jquery_ui/jquery_ui.theme.css" behavior="0" />
      <RootComponent type="61" schemaName="udo_/walkin/jquery_ui/jquery_ui.theme.min.css" behavior="0" />
      <RootComponent type="61" schemaName="udo_/walkin/js/bootstrap.js" behavior="0" />
      <RootComponent type="61" schemaName="udo_/walkin/js/bootstrap.min.js" behavior="0" />
      <RootComponent type="61" schemaName="udo_/walkin/js/bootstrap2_toggle.js" behavior="0" />
      <RootComponent type="61" schemaName="udo_/walkin/js/carltontest.js" behavior="0" />
      <RootComponent type="61" schemaName="udo_/walkin/js/jquery.aria.js" behavior="0" />
      <RootComponent type="61" schemaName="udo_/walkin/js/jquery.magicsuggest.js" behavior="0" />
      <RootComponent type="61" schemaName="udo_/walkin/js/jquery.min.js" behavior="0" />
      <RootComponent type="61" schemaName="udo_/walkin/js/jquery.sortElements.js" behavior="0" />
      <RootComponent type="61" schemaName="udo_/walkin/js/jquery.toXml.js" behavior="0" />
      <RootComponent type="61" schemaName="udo_/walkin/js/jquery_3.1.1.js" behavior="0" />
      <RootComponent type="61" schemaName="udo_/walkin/js/npm.js" behavior="0" />
      <RootComponent type="61" schemaName="udo_/walkin/js/queues.js" behavior="0" />
      <RootComponent type="61" schemaName="udo_/walkin/js/Sdk.AddToQueue.js" behavior="0" />
      <RootComponent type="61" schemaName="udo_/walkin/js/Sdk.Create.js" behavior="0" />
      <RootComponent type="61" schemaName="udo_/walkin/js/Sdk.Delete.js" behavior="0" />
      <RootComponent type="61" schemaName="udo_/walkin/js/Sdk.ExecuteMultiple.js" behavior="0" />
      <RootComponent type="61" schemaName="udo_/walkin/js/Sdk.Metadata.js" behavior="0" />
      <RootComponent type="61" schemaName="udo_/walkin/js/Sdk.PickFromQueue.js" behavior="0" />
      <RootComponent type="61" schemaName="udo_/walkin/js/Sdk.ReleaseToQueue.js" behavior="0" />
      <RootComponent type="61" schemaName="udo_/walkin/js/Sdk.Retrieve.js" behavior="0" />
      <RootComponent type="61" schemaName="udo_/walkin/js/Sdk.RetrieveAttribute.js" behavior="0" />
      <RootComponent type="61" schemaName="udo_/walkin/js/Sdk.RouteTo.js" behavior="0" />
      <RootComponent type="61" schemaName="udo_/walkin/js/Sdk.SetState.js" behavior="0" />
      <RootComponent type="61" schemaName="udo_/walkin/js/Sdk.Soap.js" behavior="0" />
      <RootComponent type="61" schemaName="udo_/walkin/js/Sdk.Soap.min.js" behavior="0" />
      <RootComponent type="61" schemaName="udo_/walkin/js/Sdk.WhoAmI.js" behavior="0" />
      <RootComponent type="61" schemaName="udo_/walkin/js/vetsearch.js" behavior="0" />
      <RootComponent type="61" schemaName="udo_/walkin/js/walkinform.js" behavior="0" />
      <RootComponent type="61" schemaName="udo_/walkin/js/XrmTable.Column.js" behavior="0" />
      <RootComponent type="61" schemaName="udo_/walkin/js/XrmTable.Columns.js" behavior="0" />
      <RootComponent type="61" schemaName="udo_/walkin/js/XrmTable.Constants.js" behavior="0" />
      <RootComponent type="61" schemaName="udo_/walkin/js/XrmTable.js" behavior="0" />
      <RootComponent type="61" schemaName="udo_/walkin/js/XrmTable.PagingInfo.js" behavior="0" />
      <RootComponent type="61" schemaName="udo_/walkin/js/XrmTable.Table.js" behavior="0" />
      <RootComponent type="61" schemaName="udo_/walkin/walkin.html" behavior="0" />
      <RootComponent type="61" schemaName="udo_abusiveCaller.html" behavior="0" />
      <RootComponent type="61" schemaName="udo_accountChange.html" behavior="0" />
      <RootComponent type="61" schemaName="udo_addressChange.html" behavior="0" />
      <RootComponent type="61" schemaName="udo_agentAttorneyRepresentation.html" behavior="0" />
      <RootComponent type="61" schemaName="udo_agentOrange.html" behavior="0" />
      <RootComponent type="61" schemaName="udo_aidAttendanceHousebound.html" behavior="0" />
      <RootComponent type="61" schemaName="udo_announcements.html" behavior="0" />
      <RootComponent type="61" schemaName="udo_announcements.js" behavior="0" />
      <RootComponent type="61" schemaName="udo_appealOpen.html" behavior="0" />
      <RootComponent type="61" schemaName="udo_appealPendingDROElection.html" behavior="0" />
      <RootComponent type="61" schemaName="udo_appealPendingTraditionalReviewElection.html" behavior="0" />
      <RootComponent type="61" schemaName="udo_appeals.html" behavior="0" />
      <RootComponent type="61" schemaName="udo_appealSmart.html" behavior="0" />
      <RootComponent type="61" schemaName="udo_apportionments.html" behavior="0" />
      <RootComponent type="61" schemaName="udo_award.js" behavior="0" />
      <RootComponent type="61" schemaName="udo_CADD_OnLoad" behavior="0" />
      <RootComponent type="61" schemaName="udo_CADD_OnSave" behavior="0" />
      <RootComponent type="61" schemaName="udo_CADD_submit" behavior="0" />
      <RootComponent type="61" schemaName="udo_calendar.html" behavior="0" />
      <RootComponent type="61" schemaName="udo_callScript.html" behavior="0" />
      <RootComponent type="61" schemaName="udo_CancelSR" behavior="0" />
      <RootComponent type="61" schemaName="udo_champVA_Tricare.html" behavior="0" />
      <RootComponent type="61" schemaName="udo_ChangeOfAddress.html" behavior="0" />
      <RootComponent type="61" schemaName="udo_chatsessionlog.js" behavior="0" />
      <RootComponent type="61" schemaName="udo_ClaimEstablishment.js" behavior="0" />
      <RootComponent type="61" schemaName="udo_claimestablishment_onload.js" behavior="0" />
      <RootComponent type="61" schemaName="udo_claimEstablishReOpenIncreaseDependantsAandA.html" behavior="0" />
      <RootComponent type="61" schemaName="udo_claimFullyDeveloped.html" behavior="0" />
      <RootComponent type="61" schemaName="udo_claimOpenNoTrackedItems.html" behavior="0" />
      <RootComponent type="61" schemaName="udo_claimOpenOpenTrackedItems.html" behavior="0" />
      <RootComponent type="61" schemaName="udo_claimOpenTrackItemsClosed.html" behavior="0" />
      <RootComponent type="61" schemaName="udo_claims" behavior="0" />
      <RootComponent type="61" schemaName="udo_claims.html" behavior="0" />
      <RootComponent type="61" schemaName="udo_claimsCombined.html" behavior="0" />
      <RootComponent type="61" schemaName="udo_claimsDocumentDownload.html" behavior="0" />
      <RootComponent type="61" schemaName="udo_claimStatus.html" behavior="0" />
      <RootComponent type="61" schemaName="udo_claimStatus.js" behavior="0" />
      <RootComponent type="61" schemaName="udo_CloseSR" behavior="0" />
      <RootComponent type="61" schemaName="udo_COLA.html" behavior="0" />
      <RootComponent type="61" schemaName="udo_combinedEvaltionCalculation.html" behavior="0" />
      <RootComponent type="61" schemaName="udo_CommonFunctions" behavior="0" />
      <RootComponent type="61" schemaName="udo_ComputerDownScript.html" behavior="0" />
      <RootComponent type="61" schemaName="udo_Contact.js" behavior="0" />
      <RootComponent type="61" schemaName="udo_correspondenceforms_RequestforForms.html" behavior="0" />
      <RootComponent type="61" schemaName="udo_correspondenceforms_VVALetters.html" behavior="0" />
      <RootComponent type="61" schemaName="udo_countrylist.html" behavior="0" />
      <RootComponent type="61" schemaName="udo_CreateITF" behavior="0" />
      <RootComponent type="61" schemaName="udo_CreateNoteProcess.js" behavior="0" />
      <RootComponent type="61" schemaName="udo_CrmRestKit2011.js" behavior="0" />
      <RootComponent type="61" schemaName="udo_ctrlkeytest.html" behavior="0" />
      <RootComponent type="61" schemaName="udo_customactionloading" behavior="0" />
      <RootComponent type="61" schemaName="udo_customaction_onload" behavior="0" />
      <RootComponent type="61" schemaName="udo_dd214.html" behavior="0" />
      <RootComponent type="61" schemaName="udo_DeathPension_AA_Housebound.html" behavior="0" />
      <RootComponent type="61" schemaName="udo_decisionPhase.html" behavior="0" />
      <RootComponent type="61" schemaName="udo_dependent.js" behavior="0" />
      <RootComponent type="61" schemaName="udo_DependentPayments.html" behavior="0" />
      <RootComponent type="61" schemaName="udo_DependentPayments.js" behavior="0" />
      <RootComponent type="61" schemaName="udo_DirectDeposit.html" behavior="0" />
      <RootComponent type="61" schemaName="udo_directExpressDebitMasterCard.html" behavior="0" />
      <RootComponent type="61" schemaName="udo_displayVVADoc.html" behavior="0" />
      <RootComponent type="61" schemaName="udo_download.js" behavior="0" />
      <RootComponent type="61" schemaName="udo_eBenefitsGeneralInfo.html" behavior="0" />
      <RootComponent type="61" schemaName="udo_eBenefitsScript.html" behavior="0" />
      <RootComponent type="61" schemaName="udo_eBenefitsScripts.html" behavior="0" />
      <RootComponent type="61" schemaName="udo_eBenefitsScripts2.html" behavior="0" />
      <RootComponent type="61" schemaName="udo_education.html" behavior="0" />
      <RootComponent type="61" schemaName="udo_embeddedbutton.html" behavior="0" />
      <RootComponent type="61" schemaName="udo_embeddedbutton.js" behavior="0" />
      <RootComponent type="61" schemaName="udo_emergency.htm" behavior="0" />
      <RootComponent type="61" schemaName="udo_EmergencyPageSilverlight" behavior="0" />
      <RootComponent type="61" schemaName="udo_emergencysilver.js" behavior="0" />
      <RootComponent type="61" schemaName="udo_fiduciary.html" behavior="0" />
      <RootComponent type="61" schemaName="udo_FNOD.html" behavior="0" />
      <RootComponent type="61" schemaName="udo_FNOD_BurialPlot.html" behavior="0" />
      <RootComponent type="61" schemaName="udo_FNOD_DeathRelatedChecklist.html" behavior="0" />
      <RootComponent type="61" schemaName="udo_FNOD_DIC.html" behavior="0" />
      <RootComponent type="61" schemaName="udo_FNOD_Flag.html" behavior="0" />
      <RootComponent type="61" schemaName="udo_FNOD_HeadStone.html" behavior="0" />
      <RootComponent type="61" schemaName="udo_FNOD_OverseasCemetaries.html" behavior="0" />
      <RootComponent type="61" schemaName="udo_FNOD_WidowsPension.html" behavior="0" />
      <RootComponent type="61" schemaName="udo_getVVAURL.js" behavior="0" />
      <RootComponent type="61" schemaName="udo_hidddenEntityId" behavior="0" />
      <RootComponent type="61" schemaName="udo_idVerification.html" behavior="0" />
      <RootComponent type="61" schemaName="udo_ie11test.js" behavior="0" />
      <RootComponent type="61" schemaName="udo_incomeVerificationMatch" behavior="0" />
      <RootComponent type="61" schemaName="udo_InitiateCADD" behavior="0" />
      <RootComponent type="61" schemaName="udo_insurance.html" behavior="0" />
      <RootComponent type="61" schemaName="udo_Interaction" behavior="0" />
      <RootComponent type="61" schemaName="udo_IRISNecessary.html" behavior="0" />
      <RootComponent type="61" schemaName="udo_ITFPeoplelist.html" behavior="0" />
      <RootComponent type="61" schemaName="udo_ivm.html" behavior="0" />
      <RootComponent type="61" schemaName="udo_jquery1.10.2.min.js" behavior="0" />
      <RootComponent type="61" schemaName="udo_jquery_1.9.1.min.js" behavior="0" />
      <RootComponent type="61" schemaName="udo_json2.js" behavior="0" />
      <RootComponent type="61" schemaName="udo_JurisdictionAndRouting.html" behavior="0" />
      <RootComponent type="61" schemaName="udo_LetterRequest_RepeatCaller.html" behavior="0" />
      <RootComponent type="61" schemaName="udo_LettersButtonSR" behavior="0" />
      <RootComponent type="61" schemaName="udo_letterspeoplelist" behavior="0" />
      <RootComponent type="61" schemaName="udo_letter_onload.js" behavior="0" />
      <RootComponent type="61" schemaName="udo_letter_onsave.js" behavior="0" />
      <RootComponent type="61" schemaName="udo_loanGuarantyIssues.html" behavior="0" />
      <RootComponent type="61" schemaName="udo_medical.html" behavior="0" />
      <RootComponent type="61" schemaName="udo_medicalFosterHomeCoordinator.html" behavior="0" />
      <RootComponent type="61" schemaName="udo_medical_eligibility.html" behavior="0" />
      <RootComponent type="61" schemaName="udo_medical_FeeBasis.html" behavior="0" />
      <RootComponent type="61" schemaName="udo_medical_medicalCenterDebts.html" behavior="0" />
      <RootComponent type="61" schemaName="udo_medical_patientAdvocate.html" behavior="0" />
      <RootComponent type="61" schemaName="udo_medical_Prescriptions.html" behavior="0" />
      <RootComponent type="61" schemaName="udo_nationalCemeteriesAdmin.html" behavior="0" />
      <RootComponent type="61" schemaName="udo_noscript.html" behavior="0" />
      <RootComponent type="61" schemaName="udo_notes/fetchtable.css" behavior="0" />
      <RootComponent type="61" schemaName="udo_notes/fetchtable.js" behavior="0" />
      <RootComponent type="61" schemaName="udo_notes/viewnotes.html" behavior="0" />
      <RootComponent type="61" schemaName="udo_notes/XrmSvcToolkit.js" behavior="0" />
      <RootComponent type="61" schemaName="udo_notes_summary.html" behavior="0" />
      <RootComponent type="61" schemaName="udo_notes_ui.html" behavior="0" />
      <RootComponent type="61" schemaName="udo_notes_ui.js" behavior="0" />
      <RootComponent type="61" schemaName="udo_notificationPhase.html" behavior="0" />
      <RootComponent type="61" schemaName="udo_noVSO.html" behavior="0" />
      <RootComponent type="61" schemaName="udo_otherVABenefits_adaptiveHousing.html" behavior="0" />
      <RootComponent type="61" schemaName="udo_otherVABenefits_ClothingAllowance.html" behavior="0" />
      <RootComponent type="61" schemaName="udo_otherVABenefits_VehicleAllowance.html" behavior="0" />
      <RootComponent type="61" schemaName="udo_payDateEffectiveDate.html" behavior="0" />
      <RootComponent type="61" schemaName="udo_Payments.html" behavior="0" />
      <RootComponent type="61" schemaName="udo_Payments.js" behavior="0" />
      <RootComponent type="61" schemaName="udo_PaymentSmart.html" behavior="0" />
      <RootComponent type="61" schemaName="udo_PaymentsNoPayeeSelected.html" behavior="0" />
      <RootComponent type="61" schemaName="udo_payments_debts.html" behavior="0" />
      <RootComponent type="61" schemaName="udo_payments_debtsDMC.html" behavior="0" />
      <RootComponent type="61" schemaName="udo_payments_debtsNonRecieptCheckTracer.html" behavior="0" />
      <RootComponent type="61" schemaName="udo_pcrScripts.js" behavior="0" />
      <RootComponent type="61" schemaName="udo_PCT_QueueItem.js" behavior="0" />
      <RootComponent type="61" schemaName="udo_peoplelauncher.html" behavior="0" />
      <RootComponent type="61" schemaName="udo_peoplelist.html" behavior="0" />
      <RootComponent type="61" schemaName="udo_PersonSearch.html" behavior="0" />
      <RootComponent type="61" schemaName="udo_popup.js" behavior="0" />
      <RootComponent type="61" schemaName="udo_process.js" behavior="0" />
      <RootComponent type="61" schemaName="udo_processV2.js" behavior="0" />
      <RootComponent type="61" schemaName="udo_red.html" behavior="0" />
      <RootComponent type="61" schemaName="udo_relatedrecords.html" behavior="0" />
      <RootComponent type="61" schemaName="udo_Request.js" behavior="0" />
      <RootComponent type="61" schemaName="udo_SaveSR" behavior="0" />
      <RootComponent type="61" schemaName="udo_script_control.js" behavior="0" />
      <RootComponent type="61" schemaName="udo_SDK.JQuery.js" behavior="0" />
      <RootComponent type="61" schemaName="udo_SelectRequest.html" behavior="0" />
      <RootComponent type="61" schemaName="udo_SelectRequest.js" behavior="0" />
      <RootComponent type="61" schemaName="udo_SensitivityLevelOptionsetConversion" behavior="0" />
      <RootComponent type="61" schemaName="udo_servicerequestcode" behavior="0" />
      <RootComponent type="61" schemaName="udo_servicerequestonload" behavior="0" />
      <RootComponent type="61" schemaName="udo_servicerequestonsave" behavior="0" />
      <RootComponent type="61" schemaName="udo_ServiceRequestPayees.html" behavior="0" />
      <RootComponent type="61" schemaName="udo_SettingsDefaults" behavior="0" />
      <RootComponent type="61" schemaName="udo_specialIsssues_WomenVets.html" behavior="0" />
      <RootComponent type="61" schemaName="udo_specialIssues.html" behavior="0" />
      <RootComponent type="61" schemaName="udo_specialIssues_elderlyVeterans.html" behavior="0" />
      <RootComponent type="61" schemaName="udo_specialIssues_Homeless.html" behavior="0" />
      <RootComponent type="61" schemaName="udo_specialIssues_minorityVets.html" behavior="0" />
      <RootComponent type="61" schemaName="udo_specialIssues_NativeAmericanVets.html" behavior="0" />
      <RootComponent type="61" schemaName="udo_specialIssues_OIF_OEF.html" behavior="0" />
      <RootComponent type="61" schemaName="udo_specialIssues_Outreach.html" behavior="0" />
      <RootComponent type="61" schemaName="udo_specialIssues_POW.html" behavior="0" />
      <RootComponent type="61" schemaName="udo_specialIssues_PTSD.html" behavior="0" />
      <RootComponent type="61" schemaName="udo_suicideCall.html" behavior="0" />
      <RootComponent type="61" schemaName="udo_tabcontrol" behavior="0" />
      <RootComponent type="61" schemaName="udo_tabcontrolSS" behavior="0" />
      <RootComponent type="61" schemaName="udo_tag.js" behavior="0" />
      <RootComponent type="61" schemaName="udo_tags.html" behavior="0" />
      <RootComponent type="61" schemaName="udo_tcal.css" behavior="0" />
      <RootComponent type="61" schemaName="udo_tcal.js" behavior="0" />
      <RootComponent type="61" schemaName="udo_template.css" behavior="0" />
      <RootComponent type="61" schemaName="udo_TestPayments.html" behavior="0" />
      <RootComponent type="61" schemaName="udo_TestPayments.js" behavior="0" />
      <RootComponent type="61" schemaName="udo_testss.js" behavior="0" />
      <RootComponent type="61" schemaName="udo_ThreatCall_bombThreat.html" behavior="0" />
      <RootComponent type="61" schemaName="udo_threatCall_physicalThreat.html" behavior="0" />
      <RootComponent type="61" schemaName="udo_UDO.Claims.Payments.js" behavior="0" />
      <RootComponent type="61" schemaName="udo_udo_LinkDependentPayments.js" behavior="0" />
      <RootComponent type="61" schemaName="udo_Utility" behavior="0" />
      <RootComponent type="61" schemaName="udo_Utility.js" behavior="0" />
      <RootComponent type="61" schemaName="udo_VBMS" behavior="0" />
      <RootComponent type="61" schemaName="udo_VBMSDocumentDownload.html" behavior="0" />
      <RootComponent type="61" schemaName="udo_VBMSeFolder.js" behavior="0" />
      <RootComponent type="61" schemaName="udo_vbms_lettergeneration.js" behavior="0" />
      <RootComponent type="61" schemaName="udo_Veteran" behavior="0" />
      <RootComponent type="61" schemaName="udo_vocationalRehab.html" behavior="0" />
      <RootComponent type="61" schemaName="udo_VSO.html" behavior="0" />
      <RootComponent type="61" schemaName="udo_VSO_Combined.html" behavior="0" />
      <RootComponent type="61" schemaName="udo_VSO_f21_22.html" behavior="0" />
      <RootComponent type="61" schemaName="udo_VSO_notPSO.html" behavior="0" />
      <RootComponent type="61" schemaName="udo_VSO_PSO.html" behavior="0" />
      <RootComponent type="61" schemaName="udo_walkin.js" behavior="0" />
      <RootComponent type="61" schemaName="udo_walkinregistration.html" behavior="0" />
      <RootComponent type="61" schemaName="udo_WalkIn_ResolutionComplete.html" behavior="0" />
      <RootComponent type="61" schemaName="va_Actions.js" behavior="0" />
      <RootComponent type="61" schemaName="va_Actions_Deprecated.js" behavior="0" />
      <RootComponent type="61" schemaName="va_AddressValidationService.js" behavior="0" />
      <RootComponent type="61" schemaName="va_AddressWebService.js" behavior="0" />
      <RootComponent type="61" schemaName="va_AwardsSearch.js" behavior="0" />
      <RootComponent type="61" schemaName="va_BankAccAndAddressAppIcon" behavior="0" />
      <RootComponent type="61" schemaName="va_BankAccAndAddressFormIcon" behavior="0" />
      <RootComponent type="61" schemaName="va_BankAccAndAddressOutlookIcon" behavior="0" />
      <RootComponent type="61" schemaName="va_BankandroutingNoLookupIcon_App" behavior="0" />
      <RootComponent type="61" schemaName="va_BankandroutingNoLookupIcon_Form" behavior="0" />
      <RootComponent type="61" schemaName="va_BankandroutingNoLookupIcon_Out" behavior="0" />
      <RootComponent type="61" schemaName="va_BenefitClaimWebService.js" behavior="0" />
      <RootComponent type="61" schemaName="va_BirlsSearch.js" behavior="0" />
      <RootComponent type="61" schemaName="va_BlankFormsButton" behavior="0" />
      <RootComponent type="61" schemaName="va_CallScriptAppImage" behavior="0" />
      <RootComponent type="61" schemaName="va_CallScriptFormImage" behavior="0" />
      <RootComponent type="61" schemaName="va_CallScriptOnLoad" behavior="0" />
      <RootComponent type="61" schemaName="va_CCallWrapper.js" behavior="0" />
      <RootComponent type="61" schemaName="va_ChangeOfAddressOnLoad" behavior="0" />
      <RootComponent type="61" schemaName="va_ChangeofAddressOnSave" behavior="0" />
      <RootComponent type="61" schemaName="va_ClaimantWebService.js" behavior="0" />
      <RootComponent type="61" schemaName="va_ClaimsSearch.js" behavior="0" />
      <RootComponent type="61" schemaName="va_CommonFunctions" behavior="0" />
      <RootComponent type="61" schemaName="va_CommonFunctions_VIP" behavior="0" />
      <RootComponent type="61" schemaName="va_Complaint_32by32" behavior="0" />
      <RootComponent type="61" schemaName="va_ContactHelper.js" behavior="0" />
      <RootComponent type="61" schemaName="va_ContactPCRForm_VIP" behavior="0" />
      <RootComponent type="61" schemaName="va_Context.js" behavior="0" />
      <RootComponent type="61" schemaName="va_Context_Search.js" behavior="0" />
      <RootComponent type="61" schemaName="va_CorpMinSearch.js" behavior="0" />
      <RootComponent type="61" schemaName="va_CorpSearch.js" behavior="0" />
      <RootComponent type="61" schemaName="va_CRMRestKit" behavior="0" />
      <RootComponent type="61" schemaName="va_CrmRestKit_2011" behavior="0" />
      <RootComponent type="61" schemaName="va_CRMRestKit_New" behavior="0" />
      <RootComponent type="61" schemaName="va_CRM_core_style" behavior="0" />
      <RootComponent type="61" schemaName="va_crm_udo_emergency_header_text.html" behavior="0" />
      <RootComponent type="61" schemaName="va_crm_udo_emergency_links_text.html" behavior="0" />
      <RootComponent type="61" schemaName="va_crm_udo_vt_getAttribs" behavior="0" />
      <RootComponent type="61" schemaName="va_Date.js" behavior="0" />
      <RootComponent type="61" schemaName="va_delete.png" behavior="0" />
      <RootComponent type="61" schemaName="va_DisableButtonSR" behavior="0" />
      <RootComponent type="61" schemaName="va_EbenefitsBnftClaimStatusService.js" behavior="0" />
      <RootComponent type="61" schemaName="va_Emergency" behavior="0" />
      <RootComponent type="61" schemaName="va_Emergency.html" behavior="0" />
      <RootComponent type="61" schemaName="va_Emergency.js" behavior="0" />
      <RootComponent type="61" schemaName="va_emergencyOnLoad.js" behavior="0" />
      <RootComponent type="61" schemaName="va_emergency_green_32by32" behavior="0" />
      <RootComponent type="61" schemaName="va_emergency_red_32by32" behavior="0" />
      <RootComponent type="61" schemaName="va_EnvironmentConfiguration.js" behavior="0" />
      <RootComponent type="61" schemaName="va_FNOD" behavior="0" />
      <RootComponent type="61" schemaName="va_FNOD_OnLoad" behavior="0" />
      <RootComponent type="61" schemaName="va_FNOD_OnSave" behavior="0" />
      <RootComponent type="61" schemaName="va_GeneralInfoSearch.js" behavior="0" />
      <RootComponent type="61" schemaName="va_GetSystemUserProperties" behavior="0" />
      <RootComponent type="61" schemaName="va_GreenCheck_32by32" behavior="0" />
      <RootComponent type="61" schemaName="va_Group_32by32" behavior="0" />
      <RootComponent type="61" schemaName="va_holidays" behavior="0" />
      <RootComponent type="61" schemaName="va_IntentToFile" behavior="0" />
      <RootComponent type="61" schemaName="va_IntentToFileWebService.js" behavior="0" />
      <RootComponent type="61" schemaName="va_ivrcontacthistoryappimage" behavior="0" />
      <RootComponent type="61" schemaName="va_ivrcontacthistoryformimage" behavior="0" />
      <RootComponent type="61" schemaName="va_ivrcontacthistoryoutlookimage" behavior="0" />
      <RootComponent type="61" schemaName="va_jquery_1.10.2.min.js" behavior="0" />
      <RootComponent type="61" schemaName="va_Jquery_1.4.2" behavior="0" />
      <RootComponent type="61" schemaName="va_jquery_1.6.4" behavior="0" />
      <RootComponent type="61" schemaName="va_JSON2" behavior="0" />
      <RootComponent type="61" schemaName="va_LettersButtonSR" behavior="0" />
      <RootComponent type="61" schemaName="va_LettersButtonSrVbms.js" behavior="0" />
      <RootComponent type="61" schemaName="va_LettersButtonVAI" behavior="0" />
      <RootComponent type="61" schemaName="va_MapDClaimManagementService.js" behavior="0" />
      <RootComponent type="61" schemaName="va_MapDContentionService.js" behavior="0" />
      <RootComponent type="61" schemaName="va_MapDDevelopmentNotesService.js" behavior="0" />
      <RootComponent type="61" schemaName="va_MapDDocumentService.js" behavior="0" />
      <RootComponent type="61" schemaName="va_MapDStandardDataService.js" behavior="0" />
      <RootComponent type="61" schemaName="va_MapDTrackedItemService.js" behavior="0" />
      <RootComponent type="61" schemaName="va_MapDWorkAssignmentService.js" behavior="0" />
      <RootComponent type="61" schemaName="va_MapDWorkLoadServiceService.js" behavior="0" />
      <RootComponent type="61" schemaName="va_Message.js" behavior="0" />
      <RootComponent type="61" schemaName="va_openNewPhoneCall" behavior="0" />
      <RootComponent type="61" schemaName="va_PathwaysSearch.js" behavior="0" />
      <RootComponent type="61" schemaName="va_PathwaysWebService.js" behavior="0" />
      <RootComponent type="61" schemaName="va_PaymentHistoryService.js" behavior="0" />
      <RootComponent type="61" schemaName="va_PhoneAndContactSharedFunctions_VIP" behavior="0" />
      <RootComponent type="61" schemaName="va_PhoneAndContactSharedFunctions_VIP_Search.js" behavior="0" />
      <RootComponent type="61" schemaName="va_PhoneCall" behavior="0" />
      <RootComponent type="61" schemaName="va_PhoneCallGlobalObjects" behavior="0" />
      <RootComponent type="61" schemaName="va_PhoneCallGlobalObjects.js" behavior="0" />
      <RootComponent type="61" schemaName="va_PhoneCalls_DispositionControls" behavior="0" />
      <RootComponent type="61" schemaName="va_PhoneCall_OnLoad_VIP" behavior="0" />
      <RootComponent type="61" schemaName="va_PhoneCall_OnSave_VIP" behavior="0" />
      <RootComponent type="61" schemaName="va_Phone_32by32" behavior="0" />
      <RootComponent type="61" schemaName="va_Progress.htm" behavior="0" />
      <RootComponent type="61" schemaName="va_progressbar" behavior="0" />
      <RootComponent type="61" schemaName="va_QueryLogAppIcon" behavior="0" />
      <RootComponent type="61" schemaName="va_QueryLogFormIcon" behavior="0" />
      <RootComponent type="61" schemaName="va_QueryLogOnUnload" behavior="0" />
      <RootComponent type="61" schemaName="va_QueryLogOutlookIcon" behavior="0" />
      <RootComponent type="61" schemaName="va_QuickWriteAppImage" behavior="0" />
      <RootComponent type="61" schemaName="va_QuickWriteFormImage" behavior="0" />
      <RootComponent type="61" schemaName="va_RatingService.js" behavior="0" />
      <RootComponent type="61" schemaName="va_RibbonActions.js" behavior="0" />
      <RootComponent type="61" schemaName="va_ROAppImage" behavior="0" />
      <RootComponent type="61" schemaName="va_ROFormImage" behavior="0" />
      <RootComponent type="61" schemaName="va_Search.js" behavior="0" />
      <RootComponent type="61" schemaName="va_Search_OnLoad.js" behavior="0" />
      <RootComponent type="61" schemaName="va_selfserviceappimage" behavior="0" />
      <RootComponent type="61" schemaName="va_selfserviceformpng" behavior="0" />
      <RootComponent type="61" schemaName="va_selfserviceoutlookicon" behavior="0" />
      <RootComponent type="61" schemaName="va_servicerequestapp" behavior="0" />
      <RootComponent type="61" schemaName="va_servicerequestcode" behavior="0" />
      <RootComponent type="61" schemaName="va_servicerequestform" behavior="0" />
      <RootComponent type="61" schemaName="va_servicerequestonsave" behavior="0" />
      <RootComponent type="61" schemaName="va_servicerequestoutlookicon" behavior="0" />
      <RootComponent type="61" schemaName="va_ShareStandardDataService.js" behavior="0" />
      <RootComponent type="61" schemaName="va_ShowMessage.js" behavior="0" />
      <RootComponent type="61" schemaName="va_Silverlight.js" behavior="0" />
      <RootComponent type="61" schemaName="va_SOJimage_large" behavior="0" />
      <RootComponent type="61" schemaName="va_SOJimage_medium" behavior="0" />
      <RootComponent type="61" schemaName="va_SOJimage_small" behavior="0" />
      <RootComponent type="61" schemaName="va_SpecialSitAppIcon" behavior="0" />
      <RootComponent type="61" schemaName="va_SpecialSitFormIcon" behavior="0" />
      <RootComponent type="61" schemaName="va_SpecialSitOutlookIcon" behavior="0" />
      <RootComponent type="61" schemaName="va_StationOfJurisdiction.js" behavior="0" />
      <RootComponent type="61" schemaName="va_Supervisor_32by32" behavior="0" />
      <RootComponent type="61" schemaName="va_TestJScript1" behavior="0" />
      <RootComponent type="61" schemaName="va_udoemergency.js" behavior="0" />
      <RootComponent type="61" schemaName="va_udoemergencynew.js" behavior="0" />
      <RootComponent type="61" schemaName="va_udoEmergencypage.html" behavior="0" />
      <RootComponent type="61" schemaName="va_udoemergencypagenew.html" behavior="0" />
      <RootComponent type="61" schemaName="va_UserOnload" behavior="0" />
      <RootComponent type="61" schemaName="va_Utilities" behavior="0" />
      <RootComponent type="61" schemaName="va_VACOLSAppealsService.js" behavior="0" />
      <RootComponent type="61" schemaName="va_VacolsSearch.js" behavior="0" />
      <RootComponent type="61" schemaName="va_VAIAuditHistory_16" behavior="0" />
      <RootComponent type="61" schemaName="va_VAIAuditHistory_32" behavior="0" />
      <RootComponent type="61" schemaName="va_VAITextResponses_16" behavior="0" />
      <RootComponent type="61" schemaName="va_VAITextResponses_32" behavior="0" />
      <RootComponent type="61" schemaName="va_VAI_Icon" behavior="0" />
      <RootComponent type="61" schemaName="va_VAI_OnLoad" behavior="0" />
      <RootComponent type="61" schemaName="va_VAI_OnSave" behavior="0" />
      <RootComponent type="61" schemaName="va_VAResponseXml.js" behavior="0" />
      <RootComponent type="61" schemaName="va_VeteranAppealInfoByAppealKey.js" behavior="0" />
      <RootComponent type="61" schemaName="va_VeteranAwardInformation.js" behavior="0" />
      <RootComponent type="61" schemaName="va_veteranbenefitclaimhistoryinformation.js" behavior="0" />
      <RootComponent type="61" schemaName="va_VeteranBenefitClaimInformation.js" behavior="0" />
      <RootComponent type="61" schemaName="va_VeteranBenefitClaimStatusInformation.js" behavior="0" />
      <RootComponent type="61" schemaName="va_VeteranContentions.js" behavior="0" />
      <RootComponent type="61" schemaName="va_VeteranGeneralInfoByAward.js" behavior="0" />
      <RootComponent type="61" schemaName="va_VeteranGeneralInformation.js" behavior="0" />
      <RootComponent type="61" schemaName="va_VeteranGeneralInformationPK.js" behavior="0" />
      <RootComponent type="61" schemaName="va_VeteranIdentifyIndividual.js" behavior="0" />
      <RootComponent type="61" schemaName="va_VeteranIncomeInfoByAward.js" behavior="0" />
      <RootComponent type="61" schemaName="va_VeteranOtherAwardInfoByAward.js" behavior="0" />
      <RootComponent type="61" schemaName="va_VetRecordWebService.js" behavior="0" />
      <RootComponent type="61" schemaName="va_vrm_udo_search_button_onLoad.js" behavior="0" />
      <RootComponent type="61" schemaName="va_vrm_udo_test_script" behavior="0" />
      <RootComponent type="61" schemaName="va_vrm_udo_vip_onload" behavior="0" />
      <RootComponent type="61" schemaName="va_Warning_32by32" behavior="0" />
      <RootComponent type="61" schemaName="va_WebServices.js" behavior="0" />
      <RootComponent type="61" schemaName="va_XmlUtilities.js" behavior="0" />
    </RootComponents>
    <MissingDependencies />
  </SolutionManifest>
</ImportExportXml>