<ImportExportXml xmlns:xsi="http://www.w3.org/2001/XMLSchema-instance">
  <Entities></Entities>
  <Roles></Roles>
  <Workflows></Workflows>
  <FieldSecurityProfiles></FieldSecurityProfiles>
  <Templates />
  <EntityMaps />
  <EntityRelationships />
  <OrganizationSettings />
  <optionsets />
  <WebResources>
    <WebResource>
      <WebResourceId>{153f2bad-2dee-e311-820b-00155d010a01}</WebResourceId>
      <Name>crme_SDK.REST.js</Name>
      <DisplayName>crme_SDK.REST.js</DisplayName>
      <WebResourceType>3</WebResourceType>
      <IntroducedVersion>2014.12.15</IntroducedVersion>
      <IsEnabledForMobileClient>0</IsEnabledForMobileClient>
      <IsAvailableForMobileOffline>0</IsAvailableForMobileOffline>
      <IsCustomizable>1</IsCustomizable>
      <CanBeDeleted>1</CanBeDeleted>
      <IsHidden>0</IsHidden>
      <FileName>/WebResources/crme_SDKRESTjs153F2BAD-2DEE-E311-820B-00155D010A01</FileName>
    </WebResource>
    <WebResource>
      <WebResourceId>{304b280e-af4d-e511-9451-00155d049efa}</WebResourceId>
      <Name>udo_jquery1.10.2.min.js</Name>
      <DisplayName>udo_jquery1.10.2.min.js</DisplayName>
      <WebResourceType>3</WebResourceType>
      <IntroducedVersion>2015.08.26.01</IntroducedVersion>
      <IsEnabledForMobileClient>0</IsEnabledForMobileClient>
      <IsAvailableForMobileOffline>0</IsAvailableForMobileOffline>
      <IsCustomizable>1</IsCustomizable>
      <CanBeDeleted>1</CanBeDeleted>
      <IsHidden>0</IsHidden>
      <FileName>/WebResources/udo_jquery1102minjs304B280E-AF4D-E511-9451-00155D049EFA</FileName>
    </WebResource>
    <WebResource>
      <WebResourceId>{5ed048f3-d237-e611-9442-0050568df261}</WebResourceId>
      <Name>udo_/popup/img/critical_16.png</Name>
      <DisplayName>udo_/popup/img/critical_16.png</DisplayName>
      <WebResourceType>5</WebResourceType>
      <IntroducedVersion>1.0</IntroducedVersion>
      <IsEnabledForMobileClient>0</IsEnabledForMobileClient>
      <IsAvailableForMobileOffline>0</IsAvailableForMobileOffline>
      <IsCustomizable>1</IsCustomizable>
      <CanBeDeleted>1</CanBeDeleted>
      <IsHidden>0</IsHidden>
      <FileName>/WebResources/udo_popupimgcritical_16png5ED048F3-D237-E611-9442-0050568DF261</FileName>
    </WebResource>
    <WebResource>
      <WebResourceId>{62d048f3-d237-e611-9442-0050568df261}</WebResourceId>
      <Name>udo_/popup/img/critical_32.png</Name>
      <DisplayName>udo_/popup/img/critical_32.png</DisplayName>
      <WebResourceType>5</WebResourceType>
      <IntroducedVersion>1.0</IntroducedVersion>
      <IsEnabledForMobileClient>0</IsEnabledForMobileClient>
      <IsAvailableForMobileOffline>0</IsAvailableForMobileOffline>
      <IsCustomizable>1</IsCustomizable>
      <CanBeDeleted>1</CanBeDeleted>
      <IsHidden>0</IsHidden>
      <FileName>/WebResources/udo_popupimgcritical_32png62D048F3-D237-E611-9442-0050568DF261</FileName>
    </WebResource>
    <WebResource>
      <WebResourceId>{64d048f3-d237-e611-9442-0050568df261}</WebResourceId>
      <Name>udo_/popup/img/exclamation_16.png</Name>
      <DisplayName>udo_/popup/img/exclamation_16.png</DisplayName>
      <WebResourceType>5</WebResourceType>
      <IntroducedVersion>1.0</IntroducedVersion>
      <IsEnabledForMobileClient>0</IsEnabledForMobileClient>
      <IsAvailableForMobileOffline>0</IsAvailableForMobileOffline>
      <IsCustomizable>1</IsCustomizable>
      <CanBeDeleted>1</CanBeDeleted>
      <IsHidden>0</IsHidden>
      <FileName>/WebResources/udo_popupimgexclamation_16png64D048F3-D237-E611-9442-0050568DF261</FileName>
    </WebResource>
    <WebResource>
      <WebResourceId>{66d048f3-d237-e611-9442-0050568df261}</WebResourceId>
      <Name>udo_/popup/img/exclamation_32.png</Name>
      <DisplayName>udo_/popup/img/exclamation_32.png</DisplayName>
      <WebResourceType>5</WebResourceType>
      <IntroducedVersion>1.0</IntroducedVersion>
      <IsEnabledForMobileClient>0</IsEnabledForMobileClient>
      <IsAvailableForMobileOffline>0</IsAvailableForMobileOffline>
      <IsCustomizable>1</IsCustomizable>
      <CanBeDeleted>1</CanBeDeleted>
      <IsHidden>0</IsHidden>
      <FileName>/WebResources/udo_popupimgexclamation_32png66D048F3-D237-E611-9442-0050568DF261</FileName>
    </WebResource>
    <WebResource>
      <WebResourceId>{68d048f3-d237-e611-9442-0050568df261}</WebResourceId>
      <Name>udo_/popup/img/information_16.png</Name>
      <DisplayName>udo_/popup/img/information_16.png</DisplayName>
      <WebResourceType>5</WebResourceType>
      <IntroducedVersion>1.0</IntroducedVersion>
      <IsEnabledForMobileClient>0</IsEnabledForMobileClient>
      <IsAvailableForMobileOffline>0</IsAvailableForMobileOffline>
      <IsCustomizable>1</IsCustomizable>
      <CanBeDeleted>1</CanBeDeleted>
      <IsHidden>0</IsHidden>
      <FileName>/WebResources/udo_popupimginformation_16png68D048F3-D237-E611-9442-0050568DF261</FileName>
    </WebResource>
    <WebResource>
      <WebResourceId>{6ad048f3-d237-e611-9442-0050568df261}</WebResourceId>
      <Name>udo_/popup/img/information_32.png</Name>
      <DisplayName>udo_/popup/img/information_32.png</DisplayName>
      <WebResourceType>5</WebResourceType>
      <IntroducedVersion>1.0</IntroducedVersion>
      <IsEnabledForMobileClient>0</IsEnabledForMobileClient>
      <IsAvailableForMobileOffline>0</IsAvailableForMobileOffline>
      <IsCustomizable>1</IsCustomizable>
      <CanBeDeleted>1</CanBeDeleted>
      <IsHidden>0</IsHidden>
      <FileName>/WebResources/udo_popupimginformation_32png6AD048F3-D237-E611-9442-0050568DF261</FileName>
    </WebResource>
    <WebResource>
      <WebResourceId>{6cd048f3-d237-e611-9442-0050568df261}</WebResourceId>
      <Name>udo_/popup/img/question_16.png</Name>
      <DisplayName>udo_/popup/img/question_16.png</DisplayName>
      <WebResourceType>5</WebResourceType>
      <IntroducedVersion>1.0</IntroducedVersion>
      <IsEnabledForMobileClient>0</IsEnabledForMobileClient>
      <IsAvailableForMobileOffline>0</IsAvailableForMobileOffline>
      <IsCustomizable>1</IsCustomizable>
      <CanBeDeleted>1</CanBeDeleted>
      <IsHidden>0</IsHidden>
      <FileName>/WebResources/udo_popupimgquestion_16png6CD048F3-D237-E611-9442-0050568DF261</FileName>
    </WebResource>
    <WebResource>
      <WebResourceId>{6ed048f3-d237-e611-9442-0050568df261}</WebResourceId>
      <Name>udo_/popup/img/question_32.png</Name>
      <DisplayName>udo_/popup/img/question_32.png</DisplayName>
      <WebResourceType>5</WebResourceType>
      <IntroducedVersion>1.0</IntroducedVersion>
      <IsEnabledForMobileClient>0</IsEnabledForMobileClient>
      <IsAvailableForMobileOffline>0</IsAvailableForMobileOffline>
      <IsCustomizable>1</IsCustomizable>
      <CanBeDeleted>1</CanBeDeleted>
      <IsHidden>0</IsHidden>
      <FileName>/WebResources/udo_popupimgquestion_32png6ED048F3-D237-E611-9442-0050568DF261</FileName>
    </WebResource>
  </WebResources>
  <Languages>
    <Language>1033</Language>
  </Languages>
</ImportExportXml>