<ImportExportXml xmlns:xsi="http://www.w3.org/2001/XMLSchema-instance">
  <Entities></Entities>
  <Roles></Roles>
  <Workflows></Workflows>
  <FieldSecurityProfiles></FieldSecurityProfiles>
  <Templates />
  <EntityMaps />
  <EntityRelationships />
  <OrganizationSettings />
  <optionsets />
  <WebResources>
    <WebResource>
      <WebResourceId>{153f2bad-2dee-e311-820b-00155d010a01}</WebResourceId>
      <Name>crme_SDK.REST.js</Name>
      <DisplayName>crme_SDK.REST.js</DisplayName>
      <WebResourceType>3</WebResourceType>
      <IntroducedVersion>2014.12.15</IntroducedVersion>
      <IsEnabledForMobileClient>0</IsEnabledForMobileClient>
      <IsAvailableForMobileOffline>0</IsAvailableForMobileOffline>
      <IsCustomizable>1</IsCustomizable>
      <CanBeDeleted>1</CanBeDeleted>
      <IsHidden>0</IsHidden>
      <FileName>/WebResources/crme_SDKRESTjs153F2BAD-2DEE-E311-820B-00155D010A01</FileName>
    </WebResource>
    <WebResource>
      <WebResourceId>{304b280e-af4d-e511-9451-00155d049efa}</WebResourceId>
      <Name>udo_jquery1.10.2.min.js</Name>
      <DisplayName>udo_jquery1.10.2.min.js</DisplayName>
      <WebResourceType>3</WebResourceType>
      <IntroducedVersion>2015.08.26.01</IntroducedVersion>
      <IsEnabledForMobileClient>0</IsEnabledForMobileClient>
      <IsAvailableForMobileOffline>0</IsAvailableForMobileOffline>
      <IsCustomizable>1</IsCustomizable>
      <CanBeDeleted>1</CanBeDeleted>
      <IsHidden>0</IsHidden>
      <FileName>/WebResources/udo_jquery1102minjs304B280E-AF4D-E511-9451-00155D049EFA</FileName>
    </WebResource>
  </WebResources>
  <Languages>
    <Language>1033</Language>
  </Languages>
</ImportExportXml>