<ImportExportXml xmlns:xsi="http://www.w3.org/2001/XMLSchema-instance">
  <Entities></Entities>
  <Roles></Roles>
  <Workflows></Workflows>
  <FieldSecurityProfiles></FieldSecurityProfiles>
  <Templates />
  <EntityMaps />
  <EntityRelationships />
  <OrganizationSettings />
  <optionsets />
  <WebResources>
    <WebResource>
      <WebResourceId>{8857fa45-d833-e611-9440-0050568df261}</WebResourceId>
      <Name>va_udoEmergencypage.html</Name>
      <DisplayName>va_udoEmergencypage.html</DisplayName>
      <WebResourceType>1</WebResourceType>
      <IntroducedVersion>2016.03.14.1</IntroducedVersion>
      <IsEnabledForMobileClient>0</IsEnabledForMobileClient>
      <IsAvailableForMobileOffline>0</IsAvailableForMobileOffline>
      <IsCustomizable>1</IsCustomizable>
      <CanBeDeleted>1</CanBeDeleted>
      <IsHidden>0</IsHidden>
      <FileName>/WebResources/va_udoEmergencypagehtml8857FA45-D833-E611-9440-0050568DF261</FileName>
    </WebResource>
    <WebResource>
      <WebResourceId>{402179fe-d833-e611-9440-0050568df261}</WebResourceId>
      <Name>va_udoemergency.js</Name>
      <DisplayName>va_udoemergency.js</DisplayName>
      <WebResourceType>3</WebResourceType>
      <IntroducedVersion>2016.03.14.1</IntroducedVersion>
      <IsEnabledForMobileClient>0</IsEnabledForMobileClient>
      <IsAvailableForMobileOffline>0</IsAvailableForMobileOffline>
      <IsCustomizable>1</IsCustomizable>
      <CanBeDeleted>1</CanBeDeleted>
      <IsHidden>0</IsHidden>
      <FileName>/WebResources/va_udoemergencyjs402179FE-D833-E611-9440-0050568DF261</FileName>
    </WebResource>
    <WebResource>
      <WebResourceId>{a55f4ec2-9862-e611-944b-0050568df261}</WebResourceId>
      <Name>va_udoemergencynew.js</Name>
      <DisplayName>va_udoemergencypagenew.js</DisplayName>
      <WebResourceType>3</WebResourceType>
      <IntroducedVersion>2016.06.27</IntroducedVersion>
      <IsEnabledForMobileClient>0</IsEnabledForMobileClient>
      <IsAvailableForMobileOffline>0</IsAvailableForMobileOffline>
      <IsCustomizable>1</IsCustomizable>
      <CanBeDeleted>1</CanBeDeleted>
      <IsHidden>0</IsHidden>
      <FileName>/WebResources/va_udoemergencynewjsA55F4EC2-9862-E611-944B-0050568DF261</FileName>
    </WebResource>
  </WebResources>
  <Languages>
    <Language>1033</Language>
  </Languages>
</ImportExportXml>