<manifest><control namespace="Mcs.Controls" constructor="ClipboardTextbox" version="0.0.4" display-name-key="ClipboardTextbox" description-key="ClipboardTextbox description" control-type="standard" api-version="1.2.3"><property name="Attribute" display-name-key="Attribute" description-key="Attribute associated with this control" of-type="SingleLine.Text" usage="bound" required="true" /><property name="RegularExpresion" display-name-key="RegEx" description-key="Regular expression to identify sub strings." of-type="SingleLine.Text" usage="input" required="false" /><property name="ReplaceWith" display-name-key="Replace With" description-key="String which will replace the matches identified by the regular expression" of-type="SingleLine.Text" usage="input" required="false" /><property name="TextboxAriaLabel" display-name-key="Textbox Aria Label" description-key="Label read by a screen reader for the textbox" of-type="SingleLine.Text" usage="input" required="true" /><property name="ButtonAriaLabel" display-name-key="Button Aria Label" description-key="Label ready by a screen reader for the copy button" of-type="SingleLine.Text" usage="input" required="true" /><resources><code path="bundle.js" order="1" /><css path="css/ClipboardButton.css" order="1" /></resources><built-by name="pac" version="1.3.6" /></control></manifest>