<ImportExportXml xmlns:xsi="http://www.w3.org/2001/XMLSchema-instance">
  <Entities></Entities>
  <Roles></Roles>
  <Workflows></Workflows>
  <FieldSecurityProfiles></FieldSecurityProfiles>
  <Templates />
  <EntityMaps />
  <EntityRelationships />
  <OrganizationSettings />
  <optionsets />
  <WebResources>
    <WebResource>
      <WebResourceId>{66986a10-a073-e511-940f-00155d14e7f5}</WebResourceId>
      <Name>udo_/Images/Search/loading.gif</Name>
      <DisplayName>udo_/Images/Search/loading.gif</DisplayName>
      <WebResourceType>7</WebResourceType>
      <IntroducedVersion>2015.10.12</IntroducedVersion>
      <IsEnabledForMobileClient>0</IsEnabledForMobileClient>
      <IsAvailableForMobileOffline>0</IsAvailableForMobileOffline>
      <IsCustomizable>1</IsCustomizable>
      <CanBeDeleted>1</CanBeDeleted>
      <IsHidden>0</IsHidden>
      <FileName>/WebResources/udo_ImagesSearchloadinggif66986A10-A073-E511-940F-00155D14E7F5</FileName>
    </WebResource>
    <WebResource>
      <WebResourceId>{4c58e2f6-0b74-e511-940f-00155d14e7f5}</WebResourceId>
      <Name>udo_PaymentsNoPayeeSelected.html</Name>
      <DisplayName>udo_PaymentsNoPayeeSelected</DisplayName>
      <LanguageCode>1033</LanguageCode>
      <WebResourceType>1</WebResourceType>
      <IntroducedVersion>1.0.0.0</IntroducedVersion>
      <IsEnabledForMobileClient>0</IsEnabledForMobileClient>
      <IsAvailableForMobileOffline>0</IsAvailableForMobileOffline>
      <IsCustomizable>1</IsCustomizable>
      <CanBeDeleted>1</CanBeDeleted>
      <IsHidden>0</IsHidden>
      <FileName>/WebResources/udo_PaymentsNoPayeeSelectedhtml4C58E2F6-0B74-E511-940F-00155D14E7F5</FileName>
    </WebResource>
  </WebResources>
  <Languages>
    <Language>1033</Language>
  </Languages>
</ImportExportXml>