<ImportExportXml version="7.0.0001.0156" SolutionPackageVersion="7.0" languagecode="1033" generatedBy="OnPremise" xmlns:xsi="http://www.w3.org/2001/XMLSchema-instance">
  <SolutionManifest>
    <UniqueName>UserManagement</UniqueName>
    <LocalizedNames>
      <LocalizedName description="User Management" languagecode="1033" />
    </LocalizedNames>
    <Descriptions>
      <Description description="This solution is to assist in the management of users, and their access." languagecode="1033" />
    </Descriptions>
    <Version>2016.04.14</Version>
    <Managed>0</Managed>
    <Publisher>
      <UniqueName>udo</UniqueName>
      <LocalizedNames>
        <LocalizedName description="UDO" languagecode="1033" />
      </LocalizedNames>
      <Descriptions />
      <EMailAddress xsi:nil="true"></EMailAddress>
      <SupportingWebsiteUrl xsi:nil="true"></SupportingWebsiteUrl>
      <CustomizationPrefix>udo</CustomizationPrefix>
      <CustomizationOptionValuePrefix>75228</CustomizationOptionValuePrefix>
      <Addresses>
        <Address>
          <AddressNumber>1</AddressNumber>
          <AddressTypeCode>1</AddressTypeCode>
          <City xsi:nil="true"></City>
          <County xsi:nil="true"></County>
          <Country xsi:nil="true"></Country>
          <Fax xsi:nil="true"></Fax>
          <FreightTermsCode xsi:nil="true"></FreightTermsCode>
          <ImportSequenceNumber xsi:nil="true"></ImportSequenceNumber>
          <Latitude xsi:nil="true"></Latitude>
          <Line1 xsi:nil="true"></Line1>
          <Line2 xsi:nil="true"></Line2>
          <Line3 xsi:nil="true"></Line3>
          <Longitude xsi:nil="true"></Longitude>
          <Name xsi:nil="true"></Name>
          <PostalCode xsi:nil="true"></PostalCode>
          <PostOfficeBox xsi:nil="true"></PostOfficeBox>
          <PrimaryContactName xsi:nil="true"></PrimaryContactName>
          <ShippingMethodCode>1</ShippingMethodCode>
          <StateOrProvince xsi:nil="true"></StateOrProvince>
          <Telephone1 xsi:nil="true"></Telephone1>
          <Telephone2 xsi:nil="true"></Telephone2>
          <Telephone3 xsi:nil="true"></Telephone3>
          <TimeZoneRuleVersionNumber xsi:nil="true"></TimeZoneRuleVersionNumber>
          <UPSZone xsi:nil="true"></UPSZone>
          <UTCOffset xsi:nil="true"></UTCOffset>
          <UTCConversionTimeZoneCode xsi:nil="true"></UTCConversionTimeZoneCode>
        </Address>
        <Address>
          <AddressNumber>2</AddressNumber>
          <AddressTypeCode>1</AddressTypeCode>
          <City xsi:nil="true"></City>
          <County xsi:nil="true"></County>
          <Country xsi:nil="true"></Country>
          <Fax xsi:nil="true"></Fax>
          <FreightTermsCode xsi:nil="true"></FreightTermsCode>
          <ImportSequenceNumber xsi:nil="true"></ImportSequenceNumber>
          <Latitude xsi:nil="true"></Latitude>
          <Line1 xsi:nil="true"></Line1>
          <Line2 xsi:nil="true"></Line2>
          <Line3 xsi:nil="true"></Line3>
          <Longitude xsi:nil="true"></Longitude>
          <Name xsi:nil="true"></Name>
          <PostalCode xsi:nil="true"></PostalCode>
          <PostOfficeBox xsi:nil="true"></PostOfficeBox>
          <PrimaryContactName xsi:nil="true"></PrimaryContactName>
          <ShippingMethodCode>1</ShippingMethodCode>
          <StateOrProvince xsi:nil="true"></StateOrProvince>
          <Telephone1 xsi:nil="true"></Telephone1>
          <Telephone2 xsi:nil="true"></Telephone2>
          <Telephone3 xsi:nil="true"></Telephone3>
          <TimeZoneRuleVersionNumber xsi:nil="true"></TimeZoneRuleVersionNumber>
          <UPSZone xsi:nil="true"></UPSZone>
          <UTCOffset xsi:nil="true"></UTCOffset>
          <UTCConversionTimeZoneCode xsi:nil="true"></UTCConversionTimeZoneCode>
        </Address>
      </Addresses>
    </Publisher>
    <RootComponents>
      <RootComponent type="1" schemaName="systemuser" />
      <RootComponent type="1" schemaName="team" />
      <RootComponent type="1" schemaName="udo_securitygroup" />
      <RootComponent type="1" schemaName="udo_securityrole" />
      <RootComponent type="1" schemaName="udo_securityteam" />
      <RootComponent type="91" schemaName="UDOUserToolPlugin, Version=1.0.0.0, Culture=neutral, PublicKeyToken=94683cfe48bf5e38" />
      <RootComponent type="92" id="{6aae8750-1200-e611-943a-0050568df261}" />
      <RootComponent type="92" id="{982143df-4a02-e611-943a-0050568df261}" />
      <RootComponent type="92" id="{ce5f8e65-1200-e611-943a-0050568df261}" />
      <RootComponent type="92" id="{e7c68345-4b02-e611-943a-0050568df261}" />
    </RootComponents>
    <MissingDependencies>
      <MissingDependency>
        <Required key="0" type="1" schemaName="msdyusd_configuration" displayName="Configuration" solution="DynamicsUnifiedServiceDesk (1.2.0.154)" />
        <Dependent key="1" type="10" schemaName="msdyusd_configuration_users" displayName="msdyusd_configuration_users" parentSchemaName="systemuser" parentDisplayName="User" />
      </MissingDependency>
      <MissingDependency>
        <Required key="2" type="2" schemaName="msdyusd_usdconfigurationid" displayName="USD Configuration" parentSchemaName="systemuser" parentDisplayName="User" solution="DynamicsUnifiedServiceDesk (1.2.0.154)" />
        <Dependent key="2" type="2" schemaName="msdyusd_usdconfigurationid" displayName="USD Configuration" parentSchemaName="systemuser" parentDisplayName="User" />
      </MissingDependency>
      <MissingDependency>
        <Required key="3" type="2" schemaName="msdyusd_name" displayName="Name" parentSchemaName="msdyusd_configuration" parentDisplayName="Configuration" solution="DynamicsUnifiedServiceDesk (1.2.0.154)" />
        <Dependent key="1" type="10" schemaName="msdyusd_configuration_users" displayName="msdyusd_configuration_users" parentSchemaName="systemuser" parentDisplayName="User" />
      </MissingDependency>
      <MissingDependency>
        <Required key="4" type="2" schemaName="msdyusd_configurationid" displayName="Configuration" parentSchemaName="msdyusd_configuration" parentDisplayName="Configuration" solution="DynamicsUnifiedServiceDesk (1.2.0.154)" />
        <Dependent key="1" type="10" schemaName="msdyusd_configuration_users" displayName="msdyusd_configuration_users" parentSchemaName="systemuser" parentDisplayName="User" />
      </MissingDependency>
      <MissingDependency>
        <Required key="1" type="10" schemaName="msdyusd_configuration_users" displayName="msdyusd_configuration_users" parentSchemaName="systemuser" parentDisplayName="User" solution="DynamicsUnifiedServiceDesk (1.2.0.154)" />
        <Dependent key="1" type="10" schemaName="msdyusd_configuration_users" displayName="msdyusd_configuration_users" parentSchemaName="systemuser" parentDisplayName="User" />
      </MissingDependency>
      <MissingDependency>
        <Required key="1" type="10" schemaName="msdyusd_configuration_users" displayName="msdyusd_configuration_users" parentSchemaName="systemuser" parentDisplayName="User" solution="DynamicsUnifiedServiceDesk (1.2.0.154)" />
        <Dependent key="5" type="2" schemaName="msdyusd_usdconfigurationidname" parentSchemaName="systemuser" parentDisplayName="User" />
      </MissingDependency>
      <MissingDependency>
        <Required key="6" type="9" schemaName="va_step" displayName="Step" solution="Active" />
        <Dependent key="7" type="2" schemaName="va_step" displayName="Step" parentSchemaName="systemuser" parentDisplayName="User" />
      </MissingDependency>
      <MissingDependency>
        <Required key="8" type="9" schemaName="va_gslevel" displayName="GS Level" solution="Active" />
        <Dependent key="9" type="2" schemaName="va_gslevel" displayName="GS Level" parentSchemaName="systemuser" parentDisplayName="User" />
      </MissingDependency>
      <MissingDependency>
        <Required key="10" type="9" schemaName="va_veteransensitivitylevel" displayName="Veteran Sensitivity Level" solution="Active" />
        <Dependent key="11" type="2" schemaName="va_pcrsensitivitylevel" displayName="PCR Sensitivity Level" parentSchemaName="systemuser" parentDisplayName="User" />
      </MissingDependency>
      <MissingDependency>
        <Required key="12" type="1" schemaName="site" displayName="Site" solution="System" />
        <Dependent key="13" type="10" schemaName="va_site_team_Site" displayName="va_site_team_Site" parentSchemaName="team" parentDisplayName="Team" />
      </MissingDependency>
      <MissingDependency>
        <Required key="14" type="1" schemaName="role" displayName="Security Role" solution="System" />
        <Dependent key="15" type="10" schemaName="udo_role_udo_securityrole_Role" displayName="udo_role_udo_securityrole_Role" parentSchemaName="udo_securityrole" parentDisplayName="UDO Security Role" />
      </MissingDependency>
      <MissingDependency>
        <Required key="16" type="26" schemaName="Sites Lookup View" displayName="Sites Lookup View" parentSchemaName="site" parentDisplayName="Site" solution="System" id="{c09b2072-b98f-42d2-a74a-47deaa29f205}" />
        <Dependent key="17" type="60" displayName="Information" parentDisplayName="User" id="{c0d7d7dd-afd0-4675-85fe-1cc5a48be6df}" />
      </MissingDependency>
      <MissingDependency>
        <Required key="18" type="61" schemaName="va_UserOnload" displayName="va_UserOnload" solution="Active" />
        <Dependent key="17" type="60" displayName="Information" parentDisplayName="User" id="{c0d7d7dd-afd0-4675-85fe-1cc5a48be6df}" />
      </MissingDependency>
      <MissingDependency>
        <Required key="19" type="61" schemaName="Team_main_system_library.js" displayName="Team_main_system_library.js" solution="System" />
        <Dependent key="20" type="60" displayName="Team" parentDisplayName="Team" id="{7ba7fac1-1418-4335-935f-f7f8dfd73fcc}" />
      </MissingDependency>
    </MissingDependencies>
  </SolutionManifest>
</ImportExportXml>