<ImportExportXml version="9.1.0.14453" SolutionPackageVersion="9.1" languagecode="1033" generatedBy="CrmLive" xmlns:xsi="http://www.w3.org/2001/XMLSchema-instance">
  <SolutionManifest>
    <UniqueName>VASSEnhancement_Tags</UniqueName>
    <LocalizedNames>
      <LocalizedName description="VASSEnhancement_Tags" languagecode="1033" />
    </LocalizedNames>
    <Descriptions />
    <Version>2.26.113.1</Version>
    <Managed>0</Managed>
    <Publisher>
      <UniqueName>udo</UniqueName>
      <LocalizedNames>
        <LocalizedName description="UDO" languagecode="1033" />
      </LocalizedNames>
      <Descriptions />
      <EMailAddress xsi:nil="true"></EMailAddress>
      <SupportingWebsiteUrl xsi:nil="true"></SupportingWebsiteUrl>
      <CustomizationPrefix>udo</CustomizationPrefix>
      <CustomizationOptionValuePrefix>75228</CustomizationOptionValuePrefix>
      <Addresses>
        <Address>
          <AddressNumber>1</AddressNumber>
          <AddressTypeCode>1</AddressTypeCode>
          <City xsi:nil="true"></City>
          <County xsi:nil="true"></County>
          <Country xsi:nil="true"></Country>
          <Fax xsi:nil="true"></Fax>
          <FreightTermsCode xsi:nil="true"></FreightTermsCode>
          <ImportSequenceNumber xsi:nil="true"></ImportSequenceNumber>
          <Latitude xsi:nil="true"></Latitude>
          <Line1 xsi:nil="true"></Line1>
          <Line2 xsi:nil="true"></Line2>
          <Line3 xsi:nil="true"></Line3>
          <Longitude xsi:nil="true"></Longitude>
          <Name xsi:nil="true"></Name>
          <PostalCode xsi:nil="true"></PostalCode>
          <PostOfficeBox xsi:nil="true"></PostOfficeBox>
          <PrimaryContactName xsi:nil="true"></PrimaryContactName>
          <ShippingMethodCode>1</ShippingMethodCode>
          <StateOrProvince xsi:nil="true"></StateOrProvince>
          <Telephone1 xsi:nil="true"></Telephone1>
          <Telephone2 xsi:nil="true"></Telephone2>
          <Telephone3 xsi:nil="true"></Telephone3>
          <TimeZoneRuleVersionNumber xsi:nil="true"></TimeZoneRuleVersionNumber>
          <UPSZone xsi:nil="true"></UPSZone>
          <UTCOffset xsi:nil="true"></UTCOffset>
          <UTCConversionTimeZoneCode xsi:nil="true"></UTCConversionTimeZoneCode>
        </Address>
        <Address>
          <AddressNumber>2</AddressNumber>
          <AddressTypeCode>1</AddressTypeCode>
          <City xsi:nil="true"></City>
          <County xsi:nil="true"></County>
          <Country xsi:nil="true"></Country>
          <Fax xsi:nil="true"></Fax>
          <FreightTermsCode xsi:nil="true"></FreightTermsCode>
          <ImportSequenceNumber xsi:nil="true"></ImportSequenceNumber>
          <Latitude xsi:nil="true"></Latitude>
          <Line1 xsi:nil="true"></Line1>
          <Line2 xsi:nil="true"></Line2>
          <Line3 xsi:nil="true"></Line3>
          <Longitude xsi:nil="true"></Longitude>
          <Name xsi:nil="true"></Name>
          <PostalCode xsi:nil="true"></PostalCode>
          <PostOfficeBox xsi:nil="true"></PostOfficeBox>
          <PrimaryContactName xsi:nil="true"></PrimaryContactName>
          <ShippingMethodCode>1</ShippingMethodCode>
          <StateOrProvince xsi:nil="true"></StateOrProvince>
          <Telephone1 xsi:nil="true"></Telephone1>
          <Telephone2 xsi:nil="true"></Telephone2>
          <Telephone3 xsi:nil="true"></Telephone3>
          <TimeZoneRuleVersionNumber xsi:nil="true"></TimeZoneRuleVersionNumber>
          <UPSZone xsi:nil="true"></UPSZone>
          <UTCOffset xsi:nil="true"></UTCOffset>
          <UTCConversionTimeZoneCode xsi:nil="true"></UTCConversionTimeZoneCode>
        </Address>
      </Addresses>
    </Publisher>
    <RootComponents>
      <RootComponent type="1" schemaName="udo_interaction" behavior="1" />
      <RootComponent type="1" schemaName="udo_vasstag" behavior="0" />
      <RootComponent type="20" id="{74441757-7801-ea11-a98b-001dd800ba25}" behavior="0" />
      <RootComponent type="20" id="{de077657-64e0-e911-a994-001dd800951b}" behavior="0" />
      <RootComponent type="20" id="{e81b5a3d-68e0-e911-a994-001dd800951b}" behavior="0" />
      <RootComponent type="60" id="{49074786-94d9-41a7-8976-7d239017f7d3}" />
      <RootComponent type="62" schemaName="udo_MHEO" behavior="0" />
      <RootComponent type="80" schemaName="udo_MHEO" behavior="0" />
    </RootComponents>
    <MissingDependencies>
      <MissingDependency>
        <Required key="0" type="1" schemaName="udo_requesttype" displayName="Request Type" solution="Active" />
        <Dependent key="1" type="80" schemaName="udo_MHEO" displayName="VASS" />
      </MissingDependency>
      <MissingDependency>
        <Required key="2" type="1" schemaName="udo_address" displayName="Address" solution="Active" />
        <Dependent key="1" type="80" schemaName="udo_MHEO" displayName="VASS" />
      </MissingDependency>
      <MissingDependency>
        <Required key="3" type="1" schemaName="udo_assignmentlog" displayName="Assignment Log" solution="Active" />
        <Dependent key="1" type="80" schemaName="udo_MHEO" displayName="VASS" />
      </MissingDependency>
      <MissingDependency>
        <Required key="4" type="1" schemaName="udo_interactiontimelog" displayName="Interaction Time Log" solution="Active" />
        <Dependent key="1" type="80" schemaName="udo_MHEO" displayName="VASS" />
      </MissingDependency>
      <MissingDependency>
        <Required key="5" type="1" schemaName="udo_servicerequest" displayName="Service Request" solution="Active" />
        <Dependent key="1" type="80" schemaName="udo_MHEO" displayName="VASS" />
      </MissingDependency>
      <MissingDependency>
        <Required key="6" type="1" schemaName="va_servicerequest" displayName="Service Request - UD" solution="Active" />
        <Dependent key="1" type="80" schemaName="udo_MHEO" displayName="VASS" />
      </MissingDependency>
      <MissingDependency>
        <Required key="7" type="1" schemaName="udo_relationships" displayName="Relationship" solution="Active" />
        <Dependent key="1" type="80" schemaName="udo_MHEO" displayName="VASS" />
      </MissingDependency>
      <MissingDependency>
        <Required key="8" type="1" schemaName="va_fnod" displayName="FNOD/MOD/Memorial Certificate" solution="Active" />
        <Dependent key="1" type="80" schemaName="udo_MHEO" displayName="VASS" />
      </MissingDependency>
      <MissingDependency>
        <Required key="9" type="1" schemaName="udo_outboundcallattempt" displayName="Call Attempt" solution="Active" />
        <Dependent key="1" type="80" schemaName="udo_MHEO" displayName="VASS" />
      </MissingDependency>
      <MissingDependency>
        <Required key="10" type="1" schemaName="udo_request" displayName="Request" solution="Active" />
        <Dependent key="1" type="80" schemaName="udo_MHEO" displayName="VASS" />
      </MissingDependency>
      <MissingDependency>
        <Required key="11" type="1" schemaName="udo_idproof" displayName="Id Proof" solution="Active" />
        <Dependent key="1" type="80" schemaName="udo_MHEO" displayName="VASS" />
      </MissingDependency>
      <MissingDependency>
        <Required key="12" type="1" schemaName="udo_mheointeractionassignment" displayName="VASS Interaction Assignment" solution="Active" />
        <Dependent key="1" type="80" schemaName="udo_MHEO" displayName="VASS" />
      </MissingDependency>
      <MissingDependency>
        <Required key="13" type="1" schemaName="crme_dependentmaintenance" displayName="Dependent Maintenance" solution="CRMEDependentMaintenance (2015.12.01)" />
        <Dependent key="1" type="80" schemaName="udo_MHEO" displayName="VASS" />
      </MissingDependency>
      <MissingDependency>
        <Required key="14" type="1" schemaName="va_regionaloffice" displayName="Station of Jurisdiction" solution="Active" />
        <Dependent key="1" type="80" schemaName="udo_MHEO" displayName="VASS" />
      </MissingDependency>
      <MissingDependency>
        <Required key="15" type="1" schemaName="va_bankaccount" displayName="Change of Address &amp; Bank Account" solution="Active" />
        <Dependent key="1" type="80" schemaName="udo_MHEO" displayName="VASS" />
      </MissingDependency>
      <MissingDependency>
        <Required key="16" type="1" schemaName="udo_pastpoa" displayName="Past POA" solution="Active" />
        <Dependent key="1" type="80" schemaName="udo_MHEO" displayName="VASS" />
      </MissingDependency>
      <MissingDependency>
        <Required key="17" type="1" schemaName="udo_vassrequest" displayName="VASS Update Request" solution="Active" />
        <Dependent key="1" type="80" schemaName="udo_MHEO" displayName="VASS" />
      </MissingDependency>
      <MissingDependency>
        <Required key="18" type="1" schemaName="va_intenttofile" displayName="Intent To File" solution="Active" />
        <Dependent key="1" type="80" schemaName="udo_MHEO" displayName="VASS" />
      </MissingDependency>
      <MissingDependency>
        <Required key="19" type="1" schemaName="udo_flash" displayName="Flash" solution="Active" />
        <Dependent key="1" type="80" schemaName="udo_MHEO" displayName="VASS" />
      </MissingDependency>
      <MissingDependency>
        <Required key="20" type="1" schemaName="udo_requestsubtype" displayName="Request Sub Type" solution="Active" />
        <Dependent key="1" type="80" schemaName="udo_MHEO" displayName="VASS" />
      </MissingDependency>
      <MissingDependency>
        <Required key="21" type="1" schemaName="udo_vasstriage" displayName="VASS Triage" solution="Active" />
        <Dependent key="1" type="80" schemaName="udo_MHEO" displayName="VASS" />
      </MissingDependency>
      <MissingDependency>
        <Required key="22" type="1" schemaName="crme_chatcobrowsesessionlog" displayName="Chat Session Log" solution="CRMEChatCoBrowse (2015.01.15)" />
        <Dependent key="1" type="80" schemaName="udo_MHEO" displayName="VASS" />
      </MissingDependency>
      <MissingDependency>
        <Required key="23" type="1" schemaName="udo_pastfiduciary" displayName="Past Fiduciary" solution="Active" />
        <Dependent key="1" type="80" schemaName="udo_MHEO" displayName="VASS" />
      </MissingDependency>
      <MissingDependency>
        <Required key="24" type="1" schemaName="crme_dependent" displayName="Dependent" solution="CRMEDependentMaintenance (2015.12.01)" />
        <Dependent key="1" type="80" schemaName="udo_MHEO" displayName="VASS" />
      </MissingDependency>
      <MissingDependency>
        <Required key="12" type="1" schemaName="udo_mheointeractionassignment" displayName="VASS Interaction Assignment" solution="Active" />
        <Dependent key="25" type="62" schemaName="udo_MHEO" />
      </MissingDependency>
      <MissingDependency>
        <Required key="9" type="1" schemaName="udo_outboundcallattempt" displayName="Call Attempt" solution="Active" />
        <Dependent key="25" type="62" schemaName="udo_MHEO" />
      </MissingDependency>
      <MissingDependency>
        <Required key="17" type="1" schemaName="udo_vassrequest" displayName="VASS Update Request" solution="Active" />
        <Dependent key="26" type="60" displayName="VASS Interaction" parentDisplayName="Interaction" id="{49074786-94d9-41a7-8976-7d239017f7d3}" />
      </MissingDependency>
      <MissingDependency>
        <Required key="9" type="1" schemaName="udo_outboundcallattempt" displayName="Call Attempt" solution="Active" />
        <Dependent key="26" type="60" displayName="VASS Interaction" parentDisplayName="Interaction" id="{49074786-94d9-41a7-8976-7d239017f7d3}" />
      </MissingDependency>
      <MissingDependency>
        <Required key="27" type="1" schemaName="udo_interaction" displayName="Interaction" solution="Active" />
        <Dependent key="27" type="1" schemaName="udo_interaction" displayName="Interaction" />
      </MissingDependency>
      <MissingDependency>
        <Required key="28" type="2" schemaName="ownerid" displayName="Owner" parentSchemaName="udo_interaction" parentDisplayName="Interaction" solution="Active" />
        <Dependent key="26" type="60" displayName="VASS Interaction" parentDisplayName="Interaction" id="{49074786-94d9-41a7-8976-7d239017f7d3}" />
      </MissingDependency>
      <MissingDependency>
        <Required key="29" type="2" schemaName="udo_veteranlastname" displayName="Veteran Last Name" parentSchemaName="udo_interaction" parentDisplayName="Interaction" solution="Active" />
        <Dependent key="26" type="60" displayName="VASS Interaction" parentDisplayName="Interaction" id="{49074786-94d9-41a7-8976-7d239017f7d3}" />
      </MissingDependency>
      <MissingDependency>
        <Required key="30" type="2" schemaName="udo_country" displayName="Country" parentSchemaName="udo_interaction" parentDisplayName="Interaction" solution="Active" />
        <Dependent key="26" type="60" displayName="VASS Interaction" parentDisplayName="Interaction" id="{49074786-94d9-41a7-8976-7d239017f7d3}" />
      </MissingDependency>
      <MissingDependency>
        <Required key="31" type="2" schemaName="statecode" displayName="Status" parentSchemaName="udo_interaction" parentDisplayName="Interaction" solution="Active" />
        <Dependent key="26" type="60" displayName="VASS Interaction" parentDisplayName="Interaction" id="{49074786-94d9-41a7-8976-7d239017f7d3}" />
      </MissingDependency>
      <MissingDependency>
        <Required key="32" type="2" schemaName="udo_insufficientdata" displayName="Insufficient Data" parentSchemaName="udo_interaction" parentDisplayName="Interaction" solution="Active" />
        <Dependent key="26" type="60" displayName="VASS Interaction" parentDisplayName="Interaction" id="{49074786-94d9-41a7-8976-7d239017f7d3}" />
      </MissingDependency>
      <MissingDependency>
        <Required key="33" type="2" schemaName="udo_veteranfirstname" displayName="Veteran First Name" parentSchemaName="udo_interaction" parentDisplayName="Interaction" solution="Active" />
        <Dependent key="26" type="60" displayName="VASS Interaction" parentDisplayName="Interaction" id="{49074786-94d9-41a7-8976-7d239017f7d3}" />
      </MissingDependency>
      <MissingDependency>
        <Required key="34" type="2" schemaName="udo_branchofservice" displayName="Branch of Service" parentSchemaName="udo_interaction" parentDisplayName="Interaction" solution="Active" />
        <Dependent key="26" type="60" displayName="VASS Interaction" parentDisplayName="Interaction" id="{49074786-94d9-41a7-8976-7d239017f7d3}" />
      </MissingDependency>
      <MissingDependency>
        <Required key="35" type="2" schemaName="modifiedon" displayName="Modified On" parentSchemaName="udo_interaction" parentDisplayName="Interaction" solution="Active" />
        <Dependent key="26" type="60" displayName="VASS Interaction" parentDisplayName="Interaction" id="{49074786-94d9-41a7-8976-7d239017f7d3}" />
      </MissingDependency>
      <MissingDependency>
        <Required key="36" type="2" schemaName="modifiedby" displayName="Modified By" parentSchemaName="udo_interaction" parentDisplayName="Interaction" solution="Active" />
        <Dependent key="26" type="60" displayName="VASS Interaction" parentDisplayName="Interaction" id="{49074786-94d9-41a7-8976-7d239017f7d3}" />
      </MissingDependency>
      <MissingDependency>
        <Required key="37" type="2" schemaName="udo_typeofservice" displayName="Type of Service" parentSchemaName="udo_interaction" parentDisplayName="Interaction" solution="Active" />
        <Dependent key="26" type="60" displayName="VASS Interaction" parentDisplayName="Interaction" id="{49074786-94d9-41a7-8976-7d239017f7d3}" />
      </MissingDependency>
      <MissingDependency>
        <Required key="38" type="2" schemaName="udo_channel" displayName="Channel" parentSchemaName="udo_interaction" parentDisplayName="Interaction" solution="Active" />
        <Dependent key="26" type="60" displayName="VASS Interaction" parentDisplayName="Interaction" id="{49074786-94d9-41a7-8976-7d239017f7d3}" />
      </MissingDependency>
      <MissingDependency>
        <Required key="39" type="2" schemaName="udo_phonenumber" displayName="Phone Number" parentSchemaName="udo_interaction" parentDisplayName="Interaction" solution="Active" />
        <Dependent key="26" type="60" displayName="VASS Interaction" parentDisplayName="Interaction" id="{49074786-94d9-41a7-8976-7d239017f7d3}" />
      </MissingDependency>
      <MissingDependency>
        <Required key="40" type="2" schemaName="udo_phonenumber2" displayName="Phone Number #2" parentSchemaName="udo_interaction" parentDisplayName="Interaction" solution="Active" />
        <Dependent key="26" type="60" displayName="VASS Interaction" parentDisplayName="Interaction" id="{49074786-94d9-41a7-8976-7d239017f7d3}" />
      </MissingDependency>
      <MissingDependency>
        <Required key="41" type="2" schemaName="udo_veterandob" displayName="Veteran DOB" parentSchemaName="udo_interaction" parentDisplayName="Interaction" solution="Active" />
        <Dependent key="26" type="60" displayName="VASS Interaction" parentDisplayName="Interaction" id="{49074786-94d9-41a7-8976-7d239017f7d3}" />
      </MissingDependency>
      <MissingDependency>
        <Required key="42" type="2" schemaName="udo_retirementcode" displayName="Retirement Code" parentSchemaName="udo_interaction" parentDisplayName="Interaction" solution="Active" />
        <Dependent key="26" type="60" displayName="VASS Interaction" parentDisplayName="Interaction" id="{49074786-94d9-41a7-8976-7d239017f7d3}" />
      </MissingDependency>
      <MissingDependency>
        <Required key="43" type="2" schemaName="udo_contactid" displayName="Veteran" parentSchemaName="udo_interaction" parentDisplayName="Interaction" solution="Active" />
        <Dependent key="26" type="60" displayName="VASS Interaction" parentDisplayName="Interaction" id="{49074786-94d9-41a7-8976-7d239017f7d3}" />
      </MissingDependency>
      <MissingDependency>
        <Required key="44" type="2" schemaName="udo_vlcreferral" displayName="VCL Referral" parentSchemaName="udo_interaction" parentDisplayName="Interaction" solution="Active" />
        <Dependent key="26" type="60" displayName="VASS Interaction" parentDisplayName="Interaction" id="{49074786-94d9-41a7-8976-7d239017f7d3}" />
      </MissingDependency>
      <MissingDependency>
        <Required key="45" type="2" schemaName="createdby" displayName="Created By" parentSchemaName="udo_interaction" parentDisplayName="Interaction" solution="Active" />
        <Dependent key="26" type="60" displayName="VASS Interaction" parentDisplayName="Interaction" id="{49074786-94d9-41a7-8976-7d239017f7d3}" />
      </MissingDependency>
      <MissingDependency>
        <Required key="46" type="2" schemaName="udo_city" displayName="City" parentSchemaName="udo_interaction" parentDisplayName="Interaction" solution="Active" />
        <Dependent key="26" type="60" displayName="VASS Interaction" parentDisplayName="Interaction" id="{49074786-94d9-41a7-8976-7d239017f7d3}" />
      </MissingDependency>
      <MissingDependency>
        <Required key="47" type="2" schemaName="udo_benefitsdiscussed" displayName="Benefits Discussed" parentSchemaName="udo_interaction" parentDisplayName="Interaction" solution="Active" />
        <Dependent key="26" type="60" displayName="VASS Interaction" parentDisplayName="Interaction" id="{49074786-94d9-41a7-8976-7d239017f7d3}" />
      </MissingDependency>
      <MissingDependency>
        <Required key="48" type="2" schemaName="udo_dayssincerad" displayName="Days Since RAD" parentSchemaName="udo_interaction" parentDisplayName="Interaction" solution="Active" />
        <Dependent key="26" type="60" displayName="VASS Interaction" parentDisplayName="Interaction" id="{49074786-94d9-41a7-8976-7d239017f7d3}" />
      </MissingDependency>
      <MissingDependency>
        <Required key="49" type="2" schemaName="udo_mheocallbackdatetime" displayName="VASS Call Back Date/Time" parentSchemaName="udo_interaction" parentDisplayName="Interaction" solution="Active" />
        <Dependent key="26" type="60" displayName="VASS Interaction" parentDisplayName="Interaction" id="{49074786-94d9-41a7-8976-7d239017f7d3}" />
      </MissingDependency>
      <MissingDependency>
        <Required key="50" type="2" schemaName="udo_reassignmentreasonnew" displayName="Reassignment Reason" parentSchemaName="udo_interaction" parentDisplayName="Interaction" solution="Active" />
        <Dependent key="26" type="60" displayName="VASS Interaction" parentDisplayName="Interaction" id="{49074786-94d9-41a7-8976-7d239017f7d3}" />
      </MissingDependency>
      <MissingDependency>
        <Required key="51" type="2" schemaName="udo_lastcallattemptdate" displayName="Last Call Attempt Date" parentSchemaName="udo_interaction" parentDisplayName="Interaction" solution="Active" />
        <Dependent key="26" type="60" displayName="VASS Interaction" parentDisplayName="Interaction" id="{49074786-94d9-41a7-8976-7d239017f7d3}" />
      </MissingDependency>
      <MissingDependency>
        <Required key="52" type="2" schemaName="udo_characterofdischarge" displayName="Character of Discharge" parentSchemaName="udo_interaction" parentDisplayName="Interaction" solution="Active" />
        <Dependent key="26" type="60" displayName="VASS Interaction" parentDisplayName="Interaction" id="{49074786-94d9-41a7-8976-7d239017f7d3}" />
      </MissingDependency>
      <MissingDependency>
        <Required key="53" type="2" schemaName="udo_intervalstart" displayName="Interval Start" parentSchemaName="udo_interaction" parentDisplayName="Interaction" solution="Active" />
        <Dependent key="26" type="60" displayName="VASS Interaction" parentDisplayName="Interaction" id="{49074786-94d9-41a7-8976-7d239017f7d3}" />
      </MissingDependency>
      <MissingDependency>
        <Required key="54" type="2" schemaName="udo_releasedfromactivedutydate" displayName="Released from Active Duty Date" parentSchemaName="udo_interaction" parentDisplayName="Interaction" solution="Active" />
        <Dependent key="26" type="60" displayName="VASS Interaction" parentDisplayName="Interaction" id="{49074786-94d9-41a7-8976-7d239017f7d3}" />
      </MissingDependency>
      <MissingDependency>
        <Required key="55" type="2" schemaName="udo_timezonesuggested" displayName="Time Zone Suggested" parentSchemaName="udo_interaction" parentDisplayName="Interaction" solution="Active" />
        <Dependent key="26" type="60" displayName="VASS Interaction" parentDisplayName="Interaction" id="{49074786-94d9-41a7-8976-7d239017f7d3}" />
      </MissingDependency>
      <MissingDependency>
        <Required key="56" type="2" schemaName="udo_addressline2" displayName="Address Line2" parentSchemaName="udo_interaction" parentDisplayName="Interaction" solution="Active" />
        <Dependent key="26" type="60" displayName="VASS Interaction" parentDisplayName="Interaction" id="{49074786-94d9-41a7-8976-7d239017f7d3}" />
      </MissingDependency>
      <MissingDependency>
        <Required key="57" type="2" schemaName="udo_mheointeractionassignmentid" displayName="VASS Interaction Assignment" parentSchemaName="udo_interaction" parentDisplayName="Interaction" solution="Active" />
        <Dependent key="26" type="60" displayName="VASS Interaction" parentDisplayName="Interaction" id="{49074786-94d9-41a7-8976-7d239017f7d3}" />
      </MissingDependency>
      <MissingDependency>
        <Required key="58" type="2" schemaName="udo_status" displayName="Status" parentSchemaName="udo_interaction" parentDisplayName="Interaction" solution="Active" />
        <Dependent key="26" type="60" displayName="VASS Interaction" parentDisplayName="Interaction" id="{49074786-94d9-41a7-8976-7d239017f7d3}" />
      </MissingDependency>
      <MissingDependency>
        <Required key="59" type="2" schemaName="udo_veteranemail" displayName="Veteran Email" parentSchemaName="udo_interaction" parentDisplayName="Interaction" solution="Active" />
        <Dependent key="26" type="60" displayName="VASS Interaction" parentDisplayName="Interaction" id="{49074786-94d9-41a7-8976-7d239017f7d3}" />
      </MissingDependency>
      <MissingDependency>
        <Required key="60" type="2" schemaName="udo_interactiontype" displayName="Interaction Type" parentSchemaName="udo_interaction" parentDisplayName="Interaction" solution="Active" />
        <Dependent key="26" type="60" displayName="VASS Interaction" parentDisplayName="Interaction" id="{49074786-94d9-41a7-8976-7d239017f7d3}" />
      </MissingDependency>
      <MissingDependency>
        <Required key="61" type="2" schemaName="udo_veteranssn" displayName="Veteran SSN" parentSchemaName="udo_interaction" parentDisplayName="Interaction" solution="Active" />
        <Dependent key="62" type="26" schemaName="VASS Related Interaction Tags - Agents" displayName="VASS Related Interaction Tags - Agents" parentSchemaName="udo_interaction" parentDisplayName="Interaction" id="{e7d74ded-b36f-ea11-a811-001dd8018831}" />
      </MissingDependency>
      <MissingDependency>
        <Required key="63" type="2" schemaName="udo_interactionid" displayName="Interaction" parentSchemaName="udo_interaction" parentDisplayName="Interaction" solution="Active" />
        <Dependent key="62" type="26" schemaName="VASS Related Interaction Tags - Agents" displayName="VASS Related Interaction Tags - Agents" parentSchemaName="udo_interaction" parentDisplayName="Interaction" id="{e7d74ded-b36f-ea11-a811-001dd8018831}" />
      </MissingDependency>
      <MissingDependency>
        <Required key="28" type="2" schemaName="ownerid" displayName="Owner" parentSchemaName="udo_interaction" parentDisplayName="Interaction" solution="Active" />
        <Dependent key="62" type="26" schemaName="VASS Related Interaction Tags - Agents" displayName="VASS Related Interaction Tags - Agents" parentSchemaName="udo_interaction" parentDisplayName="Interaction" id="{e7d74ded-b36f-ea11-a811-001dd8018831}" />
      </MissingDependency>
      <MissingDependency>
        <Required key="64" type="2" schemaName="udo_interactionmheointerval" displayName="VASS Interval" parentSchemaName="udo_interaction" parentDisplayName="Interaction" solution="Active" />
        <Dependent key="62" type="26" schemaName="VASS Related Interaction Tags - Agents" displayName="VASS Related Interaction Tags - Agents" parentSchemaName="udo_interaction" parentDisplayName="Interaction" id="{e7d74ded-b36f-ea11-a811-001dd8018831}" />
      </MissingDependency>
      <MissingDependency>
        <Required key="43" type="2" schemaName="udo_contactid" displayName="Veteran" parentSchemaName="udo_interaction" parentDisplayName="Interaction" solution="Active" />
        <Dependent key="62" type="26" schemaName="VASS Related Interaction Tags - Agents" displayName="VASS Related Interaction Tags - Agents" parentSchemaName="udo_interaction" parentDisplayName="Interaction" id="{e7d74ded-b36f-ea11-a811-001dd8018831}" />
      </MissingDependency>
      <MissingDependency>
        <Required key="65" type="2" schemaName="udo_title" displayName="Title" parentSchemaName="udo_interaction" parentDisplayName="Interaction" solution="Active" />
        <Dependent key="62" type="26" schemaName="VASS Related Interaction Tags - Agents" displayName="VASS Related Interaction Tags - Agents" parentSchemaName="udo_interaction" parentDisplayName="Interaction" id="{e7d74ded-b36f-ea11-a811-001dd8018831}" />
      </MissingDependency>
      <MissingDependency>
        <Required key="64" type="2" schemaName="udo_interactionmheointerval" displayName="VASS Interval" parentSchemaName="udo_interaction" parentDisplayName="Interaction" solution="Active" />
        <Dependent key="66" type="26" schemaName="VASS Related Interaction Tags - Admins" displayName="VASS Related Interaction Tags - Admins" parentSchemaName="udo_interaction" parentDisplayName="Interaction" id="{e0783d5a-b36e-ea11-a811-001dd8018831}" />
      </MissingDependency>
      <MissingDependency>
        <Required key="61" type="2" schemaName="udo_veteranssn" displayName="Veteran SSN" parentSchemaName="udo_interaction" parentDisplayName="Interaction" solution="Active" />
        <Dependent key="66" type="26" schemaName="VASS Related Interaction Tags - Admins" displayName="VASS Related Interaction Tags - Admins" parentSchemaName="udo_interaction" parentDisplayName="Interaction" id="{e0783d5a-b36e-ea11-a811-001dd8018831}" />
      </MissingDependency>
      <MissingDependency>
        <Required key="65" type="2" schemaName="udo_title" displayName="Title" parentSchemaName="udo_interaction" parentDisplayName="Interaction" solution="Active" />
        <Dependent key="66" type="26" schemaName="VASS Related Interaction Tags - Admins" displayName="VASS Related Interaction Tags - Admins" parentSchemaName="udo_interaction" parentDisplayName="Interaction" id="{e0783d5a-b36e-ea11-a811-001dd8018831}" />
      </MissingDependency>
      <MissingDependency>
        <Required key="43" type="2" schemaName="udo_contactid" displayName="Veteran" parentSchemaName="udo_interaction" parentDisplayName="Interaction" solution="Active" />
        <Dependent key="66" type="26" schemaName="VASS Related Interaction Tags - Admins" displayName="VASS Related Interaction Tags - Admins" parentSchemaName="udo_interaction" parentDisplayName="Interaction" id="{e0783d5a-b36e-ea11-a811-001dd8018831}" />
      </MissingDependency>
      <MissingDependency>
        <Required key="63" type="2" schemaName="udo_interactionid" displayName="Interaction" parentSchemaName="udo_interaction" parentDisplayName="Interaction" solution="Active" />
        <Dependent key="66" type="26" schemaName="VASS Related Interaction Tags - Admins" displayName="VASS Related Interaction Tags - Admins" parentSchemaName="udo_interaction" parentDisplayName="Interaction" id="{e0783d5a-b36e-ea11-a811-001dd8018831}" />
      </MissingDependency>
      <MissingDependency>
        <Required key="61" type="2" schemaName="udo_veteranssn" displayName="Veteran SSN" parentSchemaName="udo_interaction" parentDisplayName="Interaction" solution="Active" />
        <Dependent key="26" type="60" displayName="VASS Interaction" parentDisplayName="Interaction" id="{49074786-94d9-41a7-8976-7d239017f7d3}" />
      </MissingDependency>
      <MissingDependency>
        <Required key="67" type="2" schemaName="udo_mheofirstfailedattemptdate" displayName="VASS First Failed Attempt Date" parentSchemaName="udo_interaction" parentDisplayName="Interaction" solution="Active" />
        <Dependent key="26" type="60" displayName="VASS Interaction" parentDisplayName="Interaction" id="{49074786-94d9-41a7-8976-7d239017f7d3}" />
      </MissingDependency>
      <MissingDependency>
        <Required key="68" type="2" schemaName="udo_numberofattempts" displayName="Number of Attempts" parentSchemaName="udo_interaction" parentDisplayName="Interaction" solution="Active" />
        <Dependent key="26" type="60" displayName="VASS Interaction" parentDisplayName="Interaction" id="{49074786-94d9-41a7-8976-7d239017f7d3}" />
      </MissingDependency>
      <MissingDependency>
        <Required key="69" type="2" schemaName="udo_icn" displayName="ICN" parentSchemaName="udo_interaction" parentDisplayName="Interaction" solution="Active" />
        <Dependent key="26" type="60" displayName="VASS Interaction" parentDisplayName="Interaction" id="{49074786-94d9-41a7-8976-7d239017f7d3}" />
      </MissingDependency>
      <MissingDependency>
        <Required key="70" type="2" schemaName="statuscode" displayName="Status Reason" parentSchemaName="udo_interaction" parentDisplayName="Interaction" solution="Active" />
        <Dependent key="26" type="60" displayName="VASS Interaction" parentDisplayName="Interaction" id="{49074786-94d9-41a7-8976-7d239017f7d3}" />
      </MissingDependency>
      <MissingDependency>
        <Required key="71" type="2" schemaName="udo_zipcode" displayName="Zip Code" parentSchemaName="udo_interaction" parentDisplayName="Interaction" solution="Active" />
        <Dependent key="26" type="60" displayName="VASS Interaction" parentDisplayName="Interaction" id="{49074786-94d9-41a7-8976-7d239017f7d3}" />
      </MissingDependency>
      <MissingDependency>
        <Required key="72" type="2" schemaName="createdon" displayName="Created On" parentSchemaName="udo_interaction" parentDisplayName="Interaction" solution="Active" />
        <Dependent key="26" type="60" displayName="VASS Interaction" parentDisplayName="Interaction" id="{49074786-94d9-41a7-8976-7d239017f7d3}" />
      </MissingDependency>
      <MissingDependency>
        <Required key="73" type="2" schemaName="udo_calldescription" displayName="Call Description" parentSchemaName="udo_interaction" parentDisplayName="Interaction" solution="Active" />
        <Dependent key="26" type="60" displayName="VASS Interaction" parentDisplayName="Interaction" id="{49074786-94d9-41a7-8976-7d239017f7d3}" />
      </MissingDependency>
      <MissingDependency>
        <Required key="74" type="2" schemaName="udo_edipi" displayName="EDIPI" parentSchemaName="udo_interaction" parentDisplayName="Interaction" solution="Active" />
        <Dependent key="26" type="60" displayName="VASS Interaction" parentDisplayName="Interaction" id="{49074786-94d9-41a7-8976-7d239017f7d3}" />
      </MissingDependency>
      <MissingDependency>
        <Required key="64" type="2" schemaName="udo_interactionmheointerval" displayName="VASS Interval" parentSchemaName="udo_interaction" parentDisplayName="Interaction" solution="Active" />
        <Dependent key="26" type="60" displayName="VASS Interaction" parentDisplayName="Interaction" id="{49074786-94d9-41a7-8976-7d239017f7d3}" />
      </MissingDependency>
      <MissingDependency>
        <Required key="75" type="2" schemaName="udo_vasspriorityindicator" displayName="VASS Priority Indicator" parentSchemaName="udo_interaction" parentDisplayName="Interaction" solution="Active" />
        <Dependent key="26" type="60" displayName="VASS Interaction" parentDisplayName="Interaction" id="{49074786-94d9-41a7-8976-7d239017f7d3}" />
      </MissingDependency>
      <MissingDependency>
        <Required key="76" type="2" schemaName="udo_intervalend" displayName="Interval End" parentSchemaName="udo_interaction" parentDisplayName="Interaction" solution="Active" />
        <Dependent key="26" type="60" displayName="VASS Interaction" parentDisplayName="Interaction" id="{49074786-94d9-41a7-8976-7d239017f7d3}" />
      </MissingDependency>
      <MissingDependency>
        <Required key="77" type="2" schemaName="udo_mheocalldisposition" displayName="VASS Call Disposition" parentSchemaName="udo_interaction" parentDisplayName="Interaction" solution="Active" />
        <Dependent key="26" type="60" displayName="VASS Interaction" parentDisplayName="Interaction" id="{49074786-94d9-41a7-8976-7d239017f7d3}" />
      </MissingDependency>
      <MissingDependency>
        <Required key="65" type="2" schemaName="udo_title" displayName="Title" parentSchemaName="udo_interaction" parentDisplayName="Interaction" solution="Active" />
        <Dependent key="26" type="60" displayName="VASS Interaction" parentDisplayName="Interaction" id="{49074786-94d9-41a7-8976-7d239017f7d3}" />
      </MissingDependency>
      <MissingDependency>
        <Required key="78" type="2" schemaName="udo_state" displayName="State" parentSchemaName="udo_interaction" parentDisplayName="Interaction" solution="Active" />
        <Dependent key="26" type="60" displayName="VASS Interaction" parentDisplayName="Interaction" id="{49074786-94d9-41a7-8976-7d239017f7d3}" />
      </MissingDependency>
      <MissingDependency>
        <Required key="79" type="2" schemaName="udo_addressline1" displayName="Address Line1" parentSchemaName="udo_interaction" parentDisplayName="Interaction" solution="Active" />
        <Dependent key="26" type="60" displayName="VASS Interaction" parentDisplayName="Interaction" id="{49074786-94d9-41a7-8976-7d239017f7d3}" />
      </MissingDependency>
      <MissingDependency>
        <Required key="80" type="10" schemaName="udo_mheointeractionassignment_udo_interaction" displayName="udo_mheointeractionassignment_udo_interaction" parentSchemaName="udo_mheointeractionassignment" parentDisplayName="VASS Interaction Assignment" solution="Active" />
        <Dependent key="26" type="60" displayName="VASS Interaction" parentDisplayName="Interaction" id="{49074786-94d9-41a7-8976-7d239017f7d3}" />
      </MissingDependency>
      <MissingDependency>
        <Required key="81" type="10" schemaName="udo_contact_udo_interaction" displayName="udo_contact_udo_interaction" parentSchemaName="contact" parentDisplayName="Contact" solution="Active" />
        <Dependent key="26" type="60" displayName="VASS Interaction" parentDisplayName="Interaction" id="{49074786-94d9-41a7-8976-7d239017f7d3}" />
      </MissingDependency>
      <MissingDependency>
        <Required key="82" type="10" schemaName="udo_udo_interaction_udo_vassrequest" displayName="udo_udo_interaction_udo_vassrequest" parentSchemaName="udo_interaction" parentDisplayName="Interaction" solution="Active" />
        <Dependent key="26" type="60" displayName="VASS Interaction" parentDisplayName="Interaction" id="{49074786-94d9-41a7-8976-7d239017f7d3}" />
      </MissingDependency>
      <MissingDependency>
        <Required key="83" type="10" schemaName="udo_interaction_udo_outboundcallattempt" displayName="udo_interaction_udo_outboundcallattempt" parentSchemaName="udo_interaction" parentDisplayName="Interaction" solution="Active" />
        <Dependent key="26" type="60" displayName="VASS Interaction" parentDisplayName="Interaction" id="{49074786-94d9-41a7-8976-7d239017f7d3}" />
      </MissingDependency>
      <MissingDependency>
        <Required key="84" type="26" schemaName="Active VASS Requests" displayName="Active VASS Requests" parentSchemaName="udo_vassrequest" parentDisplayName="VASS Update Request" solution="Active" id="{f7c5b1a4-e147-4a87-9802-bba58d17b77e}" />
        <Dependent key="26" type="60" displayName="VASS Interaction" parentDisplayName="Interaction" id="{49074786-94d9-41a7-8976-7d239017f7d3}" />
      </MissingDependency>
      <MissingDependency>
        <Required key="85" type="26" schemaName="My Open Chat Session Log" displayName="My Open Chat Session Log" parentSchemaName="crme_chatcobrowsesessionlog" parentDisplayName="Chat Session Log" solution="CRMEChatCoBrowse (2015.01.15)" id="{3af410b8-c127-4968-81b0-70d325ed8e6b}" />
        <Dependent key="1" type="80" schemaName="udo_MHEO" displayName="VASS" />
      </MissingDependency>
      <MissingDependency>
        <Required key="86" type="26" schemaName="Interaction Lookup View" displayName="Interaction Lookup View" parentSchemaName="udo_interaction" parentDisplayName="Interaction" solution="Active" id="{6a3056e0-e981-4275-b32c-a40b3a6871fd}" />
        <Dependent key="1" type="80" schemaName="udo_MHEO" displayName="VASS" />
      </MissingDependency>
      <MissingDependency>
        <Required key="87" type="26" schemaName="VASS Interactions Closed in the Last 30 Days" displayName="VASS Interactions Closed in the Last 30 Days" parentSchemaName="udo_interaction" parentDisplayName="Interaction" solution="Active" id="{4721d5e5-bac5-e911-a983-001dd80081ad}" />
        <Dependent key="1" type="80" schemaName="udo_MHEO" displayName="VASS" />
      </MissingDependency>
      <MissingDependency>
        <Required key="88" type="26" schemaName="AD &gt; 2/1/2016" displayName="AD &gt; 2/1/2016" parentSchemaName="crme_dependentmaintenance" parentDisplayName="Dependent Maintenance" solution="Active" id="{4ddd2378-b83b-e611-9442-0050568df261}" />
        <Dependent key="1" type="80" schemaName="udo_MHEO" displayName="VASS" />
      </MissingDependency>
      <MissingDependency>
        <Required key="89" type="26" schemaName="VASS Contact Subgrid" displayName="VASS Contact Subgrid" parentSchemaName="udo_outboundcallattempt" parentDisplayName="Call Attempt" solution="Active" id="{0fc7b0a3-4dcf-e911-a98b-001dd800a749}" />
        <Dependent key="1" type="80" schemaName="udo_MHEO" displayName="VASS" />
      </MissingDependency>
      <MissingDependency>
        <Required key="90" type="26" schemaName="Past Due VASS Interactions" displayName="Past Due VASS Interactions" parentSchemaName="udo_interaction" parentDisplayName="Interaction" solution="Active" id="{e7cf22c1-34c0-e911-a98c-001dd800951b}" />
        <Dependent key="1" type="80" schemaName="udo_MHEO" displayName="VASS" />
      </MissingDependency>
      <MissingDependency>
        <Required key="91" type="26" schemaName="Phone Calls - Missing Search Parameters" displayName="Phone Calls - Missing Search Parameters" parentSchemaName="phonecall" parentDisplayName="Phone Call" solution="Active" id="{2340c709-1003-e111-b109-00505688029a}" />
        <Dependent key="1" type="80" schemaName="udo_MHEO" displayName="VASS" />
      </MissingDependency>
      <MissingDependency>
        <Required key="92" type="26" schemaName="Requests - for Vet History" displayName="Requests - for Vet History" parentSchemaName="udo_request" parentDisplayName="Request" solution="Active" id="{04739c1d-b834-e611-9442-0050568df261}" />
        <Dependent key="1" type="80" schemaName="udo_MHEO" displayName="VASS" />
      </MissingDependency>
      <MissingDependency>
        <Required key="93" type="26" schemaName="VASS Agent Workload where Interaction's Interval Started - Insufficient Data" displayName="VASS Agent Workload where Interaction's Interval Started - Insufficient Data" parentSchemaName="udo_interaction" parentDisplayName="Interaction" solution="Active" id="{81252530-7d3c-ea11-a98d-001dd80081ad}" />
        <Dependent key="1" type="80" schemaName="udo_MHEO" displayName="VASS" />
      </MissingDependency>
      <MissingDependency>
        <Required key="94" type="26" schemaName="VASS Interactions Assigned to Call Centers - Pending Agent Assignment" displayName="VASS Interactions Assigned to Call Centers - Pending Agent Assignment" parentSchemaName="udo_interaction" parentDisplayName="Interaction" solution="Active" id="{2836a0fd-e0c8-e911-a98f-001dd800b582}" />
        <Dependent key="1" type="80" schemaName="udo_MHEO" displayName="VASS" />
      </MissingDependency>
      <MissingDependency>
        <Required key="95" type="26" schemaName="VASS Interactions for Vet History" displayName="VASS Interactions for Vet History" parentSchemaName="udo_interaction" parentDisplayName="Interaction" solution="Active" id="{b0f4d848-cae3-e911-a987-001dd800ba25}" />
        <Dependent key="1" type="80" schemaName="udo_MHEO" displayName="VASS" />
      </MissingDependency>
      <MissingDependency>
        <Required key="96" type="26" schemaName="VASS Interactions Due within 30 Days" displayName="VASS Interactions Due within 30 Days" parentSchemaName="udo_interaction" parentDisplayName="Interaction" solution="Active" id="{269e3be6-34c0-e911-a98c-001dd800951b}" />
        <Dependent key="1" type="80" schemaName="udo_MHEO" displayName="VASS" />
      </MissingDependency>
      <MissingDependency>
        <Required key="97" type="26" schemaName="Active Requests" displayName="Active Requests" parentSchemaName="udo_request" parentDisplayName="Request" solution="Active" id="{b6d4ec98-8490-470e-93b8-4832bcb09f73}" />
        <Dependent key="1" type="80" schemaName="udo_MHEO" displayName="VASS" />
      </MissingDependency>
      <MissingDependency>
        <Required key="98" type="26" schemaName="Inactive VASS Interactions" displayName="Inactive VASS Interactions" parentSchemaName="udo_interaction" parentDisplayName="Interaction" solution="Active" id="{0bd37805-35c0-e911-a98c-001dd800951b}" />
        <Dependent key="1" type="80" schemaName="udo_MHEO" displayName="VASS" />
      </MissingDependency>
      <MissingDependency>
        <Required key="99" type="26" schemaName="AD &lt; 2/1/2016" displayName="AD &lt; 2/1/2016" parentSchemaName="crme_dependentmaintenance" parentDisplayName="Dependent Maintenance" solution="Active" id="{bfd31155-b83b-e611-9442-0050568df261}" />
        <Dependent key="1" type="80" schemaName="udo_MHEO" displayName="VASS" />
      </MissingDependency>
      <MissingDependency>
        <Required key="100" type="26" schemaName="Active Flashes" displayName="Active Flashes" parentSchemaName="udo_flash" parentDisplayName="Flash" solution="Active" id="{13b62a30-8f3f-4f64-a52e-b25613c59ae0}" />
        <Dependent key="1" type="80" schemaName="udo_MHEO" displayName="VASS" />
      </MissingDependency>
      <MissingDependency>
        <Required key="101" type="26" schemaName="All VASS Interactions" displayName="All VASS Interactions" parentSchemaName="udo_interaction" parentDisplayName="Interaction" solution="Active" id="{ea7ceb58-aec5-e911-a983-001dd80081ad}" />
        <Dependent key="1" type="80" schemaName="udo_MHEO" displayName="VASS" />
      </MissingDependency>
      <MissingDependency>
        <Required key="102" type="26" schemaName="SR's &gt; 2/1/2016 for Vet History" displayName="SR's &gt; 2/1/2016 for Vet History" parentSchemaName="udo_servicerequest" parentDisplayName="Service Request" solution="Active" id="{c61f0bf3-2037-e611-9442-0050568df261}" />
        <Dependent key="1" type="80" schemaName="udo_MHEO" displayName="VASS" />
      </MissingDependency>
      <MissingDependency>
        <Required key="103" type="26" schemaName="CADD &lt; 2/1/2016" displayName="CADD &lt; 2/1/2016" parentSchemaName="va_bankaccount" parentDisplayName="Change of Address &amp; Bank Account" solution="Active" id="{1cbe848e-ac3b-e611-9442-0050568df261}" />
        <Dependent key="1" type="80" schemaName="udo_MHEO" displayName="VASS" />
      </MissingDependency>
      <MissingDependency>
        <Required key="104" type="26" schemaName="Active Call Attempts" displayName="Active Call Attempts" parentSchemaName="udo_outboundcallattempt" parentDisplayName="Call Attempt" solution="Active" id="{6e7b0d9c-fc21-474a-9df2-0ded38908fb6}" />
        <Dependent key="1" type="80" schemaName="udo_MHEO" displayName="VASS" />
      </MissingDependency>
      <MissingDependency>
        <Required key="105" type="26" schemaName="My Interactions" displayName="My Interactions" parentSchemaName="udo_interaction" parentDisplayName="Interaction" solution="Active" id="{76a57a67-9310-e611-943d-0050568df261}" />
        <Dependent key="1" type="80" schemaName="udo_MHEO" displayName="VASS" />
      </MissingDependency>
      <MissingDependency>
        <Required key="106" type="26" schemaName="VASS Call Attempts Today for your Call Center" displayName="VASS Call Attempts Today for your Call Center" parentSchemaName="udo_outboundcallattempt" parentDisplayName="Call Attempt" solution="Active" id="{670b5bbc-36d9-e911-a98b-001dd800a749}" />
        <Dependent key="1" type="80" schemaName="udo_MHEO" displayName="VASS" />
      </MissingDependency>
      <MissingDependency>
        <Required key="107" type="26" schemaName="Change of Address &amp; Bank Account Log" displayName="Change of Address &amp; Bank Account Log" parentSchemaName="va_bankaccount" parentDisplayName="Change of Address &amp; Bank Account" solution="Active" id="{14dca496-85b8-44a8-8e41-e47f2fd713b2}" />
        <Dependent key="1" type="80" schemaName="udo_MHEO" displayName="VASS" />
      </MissingDependency>
      <MissingDependency>
        <Required key="108" type="26" schemaName="Active First Notice of Death and PMC" displayName="Active First Notice of Death and PMC" parentSchemaName="va_fnod" parentDisplayName="FNOD/MOD/Memorial Certificate" solution="Active" id="{c0e24c42-a90b-4878-99b4-83bd969dea13}" />
        <Dependent key="1" type="80" schemaName="udo_MHEO" displayName="VASS" />
      </MissingDependency>
      <MissingDependency>
        <Required key="109" type="26" schemaName="ITF &lt; 2/1/2016" displayName="ITF &lt; 2/1/2016" parentSchemaName="va_intenttofile" parentDisplayName="Intent To File" solution="Active" id="{007dfa53-2e3a-e611-9442-0050568df261}" />
        <Dependent key="1" type="80" schemaName="udo_MHEO" displayName="VASS" />
      </MissingDependency>
      <MissingDependency>
        <Required key="110" type="26" schemaName="Active VASS Interactions" displayName="Active VASS Interactions" parentSchemaName="udo_interaction" parentDisplayName="Interaction" solution="Active" id="{c5e2089c-34c0-e911-a98c-001dd800951b}" />
        <Dependent key="1" type="80" schemaName="udo_MHEO" displayName="VASS" />
      </MissingDependency>
      <MissingDependency>
        <Required key="111" type="26" schemaName="Interaction Advanced Find View" displayName="Interaction Advanced Find View" parentSchemaName="udo_interaction" parentDisplayName="Interaction" solution="Active" id="{32a47c4f-8ec8-428d-a4e5-906929c0464d}" />
        <Dependent key="1" type="80" schemaName="udo_MHEO" displayName="VASS" />
      </MissingDependency>
      <MissingDependency>
        <Required key="112" type="26" schemaName="ITF &gt; 2/1/2016" displayName="ITF &gt; 2/1/2016" parentSchemaName="va_intenttofile" parentDisplayName="Intent To File" solution="Active" id="{d561d26b-2e3a-e611-9442-0050568df261}" />
        <Dependent key="1" type="80" schemaName="udo_MHEO" displayName="VASS" />
      </MissingDependency>
      <MissingDependency>
        <Required key="113" type="26" schemaName="Active Past Fiduciary" displayName="Active Past Fiduciary" parentSchemaName="udo_pastfiduciary" parentDisplayName="Past Fiduciary" solution="Active" id="{cf7db8b0-6539-4371-ac0d-dea6e41bc513}" />
        <Dependent key="1" type="80" schemaName="udo_MHEO" displayName="VASS" />
      </MissingDependency>
      <MissingDependency>
        <Required key="114" type="26" schemaName="Email Sub-grid" displayName="Email Sub-grid" parentSchemaName="email" parentDisplayName="Email" solution="Active" id="{7cabb017-cbe9-e911-a98d-001dd800a749}" />
        <Dependent key="1" type="80" schemaName="udo_MHEO" displayName="VASS" />
      </MissingDependency>
      <MissingDependency>
        <Required key="115" type="26" schemaName="Chat &gt; 2/1/2016" displayName="Chat &gt; 2/1/2016" parentSchemaName="crme_chatcobrowsesessionlog" parentDisplayName="Chat Session Log" solution="Active" id="{762bf8c7-b43b-e611-9442-0050568df261}" />
        <Dependent key="1" type="80" schemaName="udo_MHEO" displayName="VASS" />
      </MissingDependency>
      <MissingDependency>
        <Required key="116" type="26" schemaName="VASS Veterans Failed to Contact" displayName="VASS Veterans Failed to Contact" parentSchemaName="contact" parentDisplayName="Contact" solution="Active" id="{761a78e2-04d5-e911-a991-001dd800b582}" />
        <Dependent key="1" type="80" schemaName="udo_MHEO" displayName="VASS" />
      </MissingDependency>
      <MissingDependency>
        <Required key="117" type="26" schemaName="Active Relationships" displayName="Active Relationships" parentSchemaName="udo_relationships" parentDisplayName="Relationship" solution="Active" id="{dd82b9f7-15a4-422a-997b-226e6c3d5696}" />
        <Dependent key="1" type="80" schemaName="udo_MHEO" displayName="VASS" />
      </MissingDependency>
      <MissingDependency>
        <Required key="118" type="26" schemaName="FNOD &lt; 2/1/2016" displayName="FNOD &lt; 2/1/2016" parentSchemaName="va_fnod" parentDisplayName="FNOD/MOD/Memorial Certificate" solution="Active" id="{b01669b2-bc3b-e611-9442-0050568df261}" />
        <Dependent key="1" type="80" schemaName="udo_MHEO" displayName="VASS" />
      </MissingDependency>
      <MissingDependency>
        <Required key="119" type="26" schemaName="SR &lt; 2/1/2016 for Vet History" displayName="SR &lt; 2/1/2016 for Vet History" parentSchemaName="va_servicerequest" parentDisplayName="Service Request - UD" solution="Active" id="{06ed9085-2137-e611-9442-0050568df261}" />
        <Dependent key="1" type="80" schemaName="udo_MHEO" displayName="VASS" />
      </MissingDependency>
      <MissingDependency>
        <Required key="120" type="26" schemaName="VASS Call Center View - Backlogged Interactions" displayName="VASS Call Center View - Backlogged Interactions" parentSchemaName="udo_interaction" parentDisplayName="Interaction" solution="Active" id="{dfc6f604-bad8-e911-a98b-001dd800a749}" />
        <Dependent key="1" type="80" schemaName="udo_MHEO" displayName="VASS" />
      </MissingDependency>
      <MissingDependency>
        <Required key="121" type="26" schemaName="VASS Agent Workload where Interaction's Interval Started" displayName="VASS Agent Workload where Interaction's Interval Started" parentSchemaName="udo_interaction" parentDisplayName="Interaction" solution="Active" id="{09fa8aa6-b5c5-e911-a983-001dd80081ad}" />
        <Dependent key="1" type="80" schemaName="udo_MHEO" displayName="VASS" />
      </MissingDependency>
      <MissingDependency>
        <Required key="122" type="26" schemaName="VASS Interactions Created in the last 4 months" displayName="VASS Interactions Created in the last 4 months" parentSchemaName="udo_interaction" parentDisplayName="Interaction" solution="Active" id="{16a1e8e1-9ac9-e911-a984-001dd8009f4b}" />
        <Dependent key="1" type="80" schemaName="udo_MHEO" displayName="VASS" />
      </MissingDependency>
      <MissingDependency>
        <Required key="123" type="26" schemaName="VASS My Current Interactions with Insufficient Data" displayName="VASS My Current Interactions with Insufficient Data" parentSchemaName="udo_interaction" parentDisplayName="Interaction" solution="Active" id="{bbc280a2-cc3b-ea11-a98f-001dd800ba25}" />
        <Dependent key="1" type="80" schemaName="udo_MHEO" displayName="VASS" />
      </MissingDependency>
      <MissingDependency>
        <Required key="124" type="26" schemaName="My Closed Interactions" displayName="My Closed Interactions" parentSchemaName="udo_interaction" parentDisplayName="Interaction" solution="Active" id="{4773f541-fbc8-e911-a98f-001dd800b582}" />
        <Dependent key="1" type="80" schemaName="udo_MHEO" displayName="VASS" />
      </MissingDependency>
      <MissingDependency>
        <Required key="125" type="26" schemaName="VASS Veterans" displayName="VASS Veterans" parentSchemaName="contact" parentDisplayName="Contact" solution="Active" id="{c1c5f933-40e1-e911-a989-001dd8009f4b}" />
        <Dependent key="1" type="80" schemaName="udo_MHEO" displayName="VASS" />
      </MissingDependency>
      <MissingDependency>
        <Required key="126" type="26" schemaName="My Open Dependent Maintenances" displayName="My Open Dependent Maintenances" parentSchemaName="crme_dependentmaintenance" parentDisplayName="Dependent Maintenance" solution="CRMEDependentMaintenance (2015.12.01)" id="{4cab73fa-7aff-44cf-a991-4c2769528efb}" />
        <Dependent key="1" type="80" schemaName="udo_MHEO" displayName="VASS" />
      </MissingDependency>
      <MissingDependency>
        <Required key="127" type="26" schemaName="My Call Attempts" displayName="My Call Attempts" parentSchemaName="udo_outboundcallattempt" parentDisplayName="Call Attempt" solution="Active" id="{d86f6b40-f9c8-e911-a98f-001dd800b582}" />
        <Dependent key="1" type="80" schemaName="udo_MHEO" displayName="VASS" />
      </MissingDependency>
      <MissingDependency>
        <Required key="128" type="26" schemaName="FNOD &gt; 2/1/2016" displayName="FNOD &gt; 2/1/2016" parentSchemaName="va_fnod" parentDisplayName="FNOD/MOD/Memorial Certificate" solution="Active" id="{619ac2e3-bc3b-e611-9442-0050568df261}" />
        <Dependent key="1" type="80" schemaName="udo_MHEO" displayName="VASS" />
      </MissingDependency>
      <MissingDependency>
        <Required key="129" type="26" schemaName="VASS My Current Interactions" displayName="VASS My Current Interactions" parentSchemaName="udo_interaction" parentDisplayName="Interaction" solution="Active" id="{196a9723-b5c5-e911-a983-001dd80081ad}" />
        <Dependent key="1" type="80" schemaName="udo_MHEO" displayName="VASS" />
      </MissingDependency>
      <MissingDependency>
        <Required key="130" type="26" schemaName="Active Service Requests" displayName="Active Service Requests" parentSchemaName="udo_servicerequest" parentDisplayName="Service Request" solution="Active" id="{e6bdbec6-3849-4785-b0af-9c04b81b19aa}" />
        <Dependent key="1" type="80" schemaName="udo_MHEO" displayName="VASS" />
      </MissingDependency>
      <MissingDependency>
        <Required key="131" type="26" schemaName="VASS Call Center View - Not Assigned" displayName="VASS Call Center View - Not Assigned" parentSchemaName="udo_interaction" parentDisplayName="Interaction" solution="Active" id="{2090a2fa-35c8-e911-a983-001dd80081ad}" />
        <Dependent key="1" type="80" schemaName="udo_MHEO" displayName="VASS" />
      </MissingDependency>
      <MissingDependency>
        <Required key="132" type="26" schemaName="VASS Interactions with Interval End within 30 Days" displayName="VASS Interactions with Interval End within 30 Days" parentSchemaName="udo_interaction" parentDisplayName="Interaction" solution="Active" id="{b224ab2c-4348-ea11-a994-001dd800a749}" />
        <Dependent key="1" type="80" schemaName="udo_MHEO" displayName="VASS" />
      </MissingDependency>
      <MissingDependency>
        <Required key="133" type="26" schemaName="Stations of Jurisdictions Lookup View" displayName="Stations of Jurisdictions Lookup View" parentSchemaName="va_regionaloffice" parentDisplayName="Station of Jurisdiction" solution="Active" id="{ddc82830-a6b6-4789-b416-25dbda58d468}" />
        <Dependent key="1" type="80" schemaName="udo_MHEO" displayName="VASS" />
      </MissingDependency>
      <MissingDependency>
        <Required key="134" type="26" schemaName="All Interactions" displayName="All Interactions" parentSchemaName="udo_interaction" parentDisplayName="Interaction" solution="Active" id="{7d91d104-d412-e611-943d-0050568df261}" />
        <Dependent key="1" type="80" schemaName="udo_MHEO" displayName="VASS" />
      </MissingDependency>
      <MissingDependency>
        <Required key="135" type="26" schemaName="Active PastPOA" displayName="Active PastPOA" parentSchemaName="udo_pastpoa" parentDisplayName="Past POA" solution="Active" id="{441db29c-0920-42f9-b048-82d2cca80824}" />
        <Dependent key="1" type="80" schemaName="udo_MHEO" displayName="VASS" />
      </MissingDependency>
      <MissingDependency>
        <Required key="136" type="26" schemaName="VASS Interaction Subgrid" displayName="VASS Interaction Subgrid" parentSchemaName="udo_outboundcallattempt" parentDisplayName="Call Attempt" solution="Active" id="{98aad7ec-b8c5-e911-a983-001dd80081ad}" />
        <Dependent key="1" type="80" schemaName="udo_MHEO" displayName="VASS" />
      </MissingDependency>
      <MissingDependency>
        <Required key="137" type="26" schemaName="My Service Requests Today" displayName="My Service Requests Today" parentSchemaName="va_servicerequest" parentDisplayName="Service Request - UD" solution="Active" id="{c6e75132-2e24-e111-9db0-00505688029a}" />
        <Dependent key="1" type="80" schemaName="udo_MHEO" displayName="VASS" />
      </MissingDependency>
      <MissingDependency>
        <Required key="138" type="26" schemaName="Interaction Associated View" displayName="Interaction Associated View" parentSchemaName="udo_interaction" parentDisplayName="Interaction" solution="Active" id="{9298845a-279f-453f-92fb-0856360d5e0c}" />
        <Dependent key="1" type="80" schemaName="udo_MHEO" displayName="VASS" />
      </MissingDependency>
      <MissingDependency>
        <Required key="139" type="26" schemaName="VASS National View - Interactions Not Yet Routed" displayName="VASS National View - Interactions Not Yet Routed" parentSchemaName="udo_interaction" parentDisplayName="Interaction" solution="Active" id="{6870e7ee-b5c5-e911-a983-001dd80081ad}" />
        <Dependent key="1" type="80" schemaName="udo_MHEO" displayName="VASS" />
      </MissingDependency>
      <MissingDependency>
        <Required key="140" type="26" schemaName="Chat &lt; 2/1/2016" displayName="Chat &lt; 2/1/2016" parentSchemaName="crme_chatcobrowsesessionlog" parentDisplayName="Chat Session Log" solution="Active" id="{14dc6faa-b43b-e611-9442-0050568df261}" />
        <Dependent key="1" type="80" schemaName="udo_MHEO" displayName="VASS" />
      </MissingDependency>
      <MissingDependency>
        <Required key="141" type="26" schemaName="Active Addresses" displayName="Active Addresses" parentSchemaName="udo_address" parentDisplayName="Address" solution="Active" id="{02d6187f-cb69-4fd3-a609-f8fd97136317}" />
        <Dependent key="1" type="80" schemaName="udo_MHEO" displayName="VASS" />
      </MissingDependency>
      <MissingDependency>
        <Required key="142" type="26" schemaName="VASS My Interactions with Call Back Requested" displayName="VASS My Interactions with Call Back Requested" parentSchemaName="udo_interaction" parentDisplayName="Interaction" solution="Active" id="{fba0275d-ecf4-e911-a98f-001dd8009f4b}" />
        <Dependent key="1" type="80" schemaName="udo_MHEO" displayName="VASS" />
      </MissingDependency>
      <MissingDependency>
        <Required key="143" type="26" schemaName="My Phone Calls for Today (Inbound)" displayName="My Phone Calls for Today (Inbound)" parentSchemaName="phonecall" parentDisplayName="Phone Call" solution="Active" id="{fb05863e-93d8-e011-8d8e-00505688029a}" />
        <Dependent key="1" type="80" schemaName="udo_MHEO" displayName="VASS" />
      </MissingDependency>
      <MissingDependency>
        <Required key="144" type="26" schemaName="CADD &gt; 2/1/2016" displayName="CADD &gt; 2/1/2016" parentSchemaName="va_bankaccount" parentDisplayName="Change of Address &amp; Bank Account" solution="Active" id="{5dd57ca3-ac3b-e611-9442-0050568df261}" />
        <Dependent key="1" type="80" schemaName="udo_MHEO" displayName="VASS" />
      </MissingDependency>
      <MissingDependency>
        <Required key="145" type="26" schemaName="All Intent to File Claimant Name" displayName="All Intent to File Claimant Name" parentSchemaName="va_intenttofile" parentDisplayName="Intent To File" solution="Active" id="{1f33cd08-2eba-e411-9559-00155de606bc}" />
        <Dependent key="1" type="80" schemaName="udo_MHEO" displayName="VASS" />
      </MissingDependency>
      <MissingDependency>
        <Required key="104" type="26" schemaName="Active Call Attempts" displayName="Active Call Attempts" parentSchemaName="udo_outboundcallattempt" parentDisplayName="Call Attempt" solution="Active" id="{6e7b0d9c-fc21-474a-9df2-0ded38908fb6}" />
        <Dependent key="26" type="60" displayName="VASS Interaction" parentDisplayName="Interaction" id="{49074786-94d9-41a7-8976-7d239017f7d3}" />
      </MissingDependency>
      <MissingDependency>
        <Required key="146" type="26" schemaName="VASS Requests" displayName="VASS Requests" parentSchemaName="udo_vassrequest" parentDisplayName="VASS Update Request" solution="Active" id="{2fdfa992-d258-ea11-a994-001dd80081ad}" />
        <Dependent key="26" type="60" displayName="VASS Interaction" parentDisplayName="Interaction" id="{49074786-94d9-41a7-8976-7d239017f7d3}" />
      </MissingDependency>
      <MissingDependency>
        <Required key="147" type="26" schemaName="VASS Interaction Assignment Lookup View" displayName="VASS Interaction Assignment Lookup View" parentSchemaName="udo_mheointeractionassignment" parentDisplayName="VASS Interaction Assignment" solution="Active" id="{6b3159f7-5d8f-4984-a60a-34753d246d18}" />
        <Dependent key="26" type="60" displayName="VASS Interaction" parentDisplayName="Interaction" id="{49074786-94d9-41a7-8976-7d239017f7d3}" />
      </MissingDependency>
      <MissingDependency>
        <Required key="136" type="26" schemaName="VASS Interaction Subgrid" displayName="VASS Interaction Subgrid" parentSchemaName="udo_outboundcallattempt" parentDisplayName="Call Attempt" solution="Active" id="{98aad7ec-b8c5-e911-a983-001dd80081ad}" />
        <Dependent key="26" type="60" displayName="VASS Interaction" parentDisplayName="Interaction" id="{49074786-94d9-41a7-8976-7d239017f7d3}" />
      </MissingDependency>
      <MissingDependency>
        <Required key="148" type="59" schemaName="Interaction Breakdown By Agent" displayName="Interaction Breakdown By Agent" parentSchemaName="udo_interaction" parentDisplayName="Interaction" solution="Active" id="{951e871c-eac8-e911-a98f-001dd800b582}" />
        <Dependent key="1" type="80" schemaName="udo_MHEO" displayName="VASS" />
      </MissingDependency>
      <MissingDependency>
        <Required key="149" type="59" schemaName="Interaction by VASS Call Disposition" displayName="Interaction by VASS Call Disposition" parentSchemaName="udo_interaction" parentDisplayName="Interaction" solution="Active" id="{3ae19acd-bac5-e911-a983-001dd80081ad}" />
        <Dependent key="1" type="80" schemaName="udo_MHEO" displayName="VASS" />
      </MissingDependency>
      <MissingDependency>
        <Required key="150" type="59" schemaName="Count of Service Request Types" displayName="Count of Service Request Types" parentSchemaName="va_servicerequest" parentDisplayName="Service Request - UD" solution="Active" id="{20ae63b0-1d28-e211-90ee-00505688029a}" />
        <Dependent key="1" type="80" schemaName="udo_MHEO" displayName="VASS" />
      </MissingDependency>
      <MissingDependency>
        <Required key="151" type="59" schemaName="Attempts Breakdown by Agent today" displayName="Attempts Breakdown by Agent today" parentSchemaName="udo_outboundcallattempt" parentDisplayName="Call Attempt" solution="Active" id="{dc648ec1-f9c8-e911-a98f-001dd800b582}" />
        <Dependent key="1" type="80" schemaName="udo_MHEO" displayName="VASS" />
      </MissingDependency>
      <MissingDependency>
        <Required key="152" type="59" schemaName="VASS Interactions By Month" displayName="VASS Interactions By Month" parentSchemaName="udo_interaction" parentDisplayName="Interaction" solution="Active" id="{c4d6b7b6-dfc8-e911-a98f-001dd800b582}" />
        <Dependent key="1" type="80" schemaName="udo_MHEO" displayName="VASS" />
      </MissingDependency>
      <MissingDependency>
        <Required key="153" type="59" schemaName="Call Center Breakdown" displayName="Call Center Breakdown" parentSchemaName="udo_interaction" parentDisplayName="Interaction" solution="Active" id="{080c2acc-e0c8-e911-a98f-001dd800b582}" />
        <Dependent key="1" type="80" schemaName="udo_MHEO" displayName="VASS" />
      </MissingDependency>
      <MissingDependency>
        <Required key="154" type="59" schemaName="Duration by Phone Call" displayName="Duration by Phone Call" parentSchemaName="phonecall" parentDisplayName="Phone Call" solution="Active" id="{281b6ec4-729e-e011-a483-00155d01c211}" />
        <Dependent key="1" type="80" schemaName="udo_MHEO" displayName="VASS" />
      </MissingDependency>
      <MissingDependency>
        <Required key="155" type="59" schemaName="Emails by Owner" displayName="Emails by Owner" parentSchemaName="email" parentDisplayName="Email" solution="msdynce_AppCommon (9.0.4.0066)" id="{b2b6e93c-4146-4a13-b056-a8604dd0c76a}" />
        <Dependent key="1" type="80" schemaName="udo_MHEO" displayName="VASS" />
      </MissingDependency>
      <MissingDependency>
        <Required key="153" type="59" schemaName="Call Center Breakdown" displayName="Call Center Breakdown" parentSchemaName="udo_interaction" parentDisplayName="Interaction" solution="Active" id="{080c2acc-e0c8-e911-a98f-001dd800b582}" />
        <Dependent key="156" type="60" displayName="VASS Tag - Administration" parentDisplayName="VASS Tag" id="{c01412b1-9936-4062-aa88-992119448a83}" />
      </MissingDependency>
      <MissingDependency>
        <Required key="151" type="59" schemaName="Attempts Breakdown by Agent today" displayName="Attempts Breakdown by Agent today" parentSchemaName="udo_outboundcallattempt" parentDisplayName="Call Attempt" solution="Active" id="{dc648ec1-f9c8-e911-a98f-001dd800b582}" />
        <Dependent key="26" type="60" displayName="VASS Interaction" parentDisplayName="Interaction" id="{49074786-94d9-41a7-8976-7d239017f7d3}" />
      </MissingDependency>
      <MissingDependency>
        <Required key="153" type="59" schemaName="Call Center Breakdown" displayName="Call Center Breakdown" parentSchemaName="udo_interaction" parentDisplayName="Interaction" solution="Active" id="{080c2acc-e0c8-e911-a98f-001dd800b582}" />
        <Dependent key="157" type="60" displayName="VASS Tag - Information" parentDisplayName="VASS Tag" id="{b2e1c1d8-358b-46e8-a4ff-603de6307b6b}" />
      </MissingDependency>
      <MissingDependency>
        <Required key="158" type="60" displayName="VASS Interaction Notes" parentDisplayName="Contact" solution="Active" id="{68eee171-9ed2-4acf-af28-1f51ac64dd30}" />
        <Dependent key="26" type="60" displayName="VASS Interaction" parentDisplayName="Interaction" id="{49074786-94d9-41a7-8976-7d239017f7d3}" />
      </MissingDependency>
      <MissingDependency>
        <Required key="159" type="60" displayName="VASS Benefits Quick View" parentDisplayName="Contact" solution="Active" id="{c16a80c1-74c0-47d7-a887-eab59563845d}" />
        <Dependent key="26" type="60" displayName="VASS Interaction" parentDisplayName="Interaction" id="{49074786-94d9-41a7-8976-7d239017f7d3}" />
      </MissingDependency>
      <MissingDependency>
        <Required key="160" type="60" displayName="VASS Prior Call Attempts" parentDisplayName="Contact" solution="Active" id="{34ad8427-7ced-4f55-a952-156e548b8540}" />
        <Dependent key="1" type="80" schemaName="udo_MHEO" displayName="VASS" />
      </MissingDependency>
      <MissingDependency>
        <Required key="161" type="60" displayName="Email" parentDisplayName="Email" solution="msdynce_Activities (9.0.1.2033)" id="{0d1e47ff-12b2-4f53-9090-bee951b98cb4}" />
        <Dependent key="1" type="80" schemaName="udo_MHEO" displayName="VASS" />
      </MissingDependency>
      <MissingDependency>
        <Required key="162" type="60" displayName="VASS Veteran Profile Quick View" parentDisplayName="Contact" solution="Active" id="{2b505b36-5232-4e9b-9bee-d7591ac9fb1d}" />
        <Dependent key="1" type="80" schemaName="udo_MHEO" displayName="VASS" />
      </MissingDependency>
      <MissingDependency>
        <Required key="159" type="60" displayName="VASS Benefits Quick View" parentDisplayName="Contact" solution="Active" id="{c16a80c1-74c0-47d7-a887-eab59563845d}" />
        <Dependent key="1" type="80" schemaName="udo_MHEO" displayName="VASS" />
      </MissingDependency>
      <MissingDependency>
        <Required key="163" type="60" displayName="VASS Call Center Manager Dashboard" solution="Active" id="{20621c2b-d9c2-e911-a983-001dd8009f4b}" />
        <Dependent key="1" type="80" schemaName="udo_MHEO" displayName="VASS" />
      </MissingDependency>
      <MissingDependency>
        <Required key="164" type="60" displayName="VASS Vet History" parentDisplayName="Contact" solution="Active" id="{52c41e3c-c54c-4a01-b0c2-8fb4acb8ac48}" />
        <Dependent key="1" type="80" schemaName="udo_MHEO" displayName="VASS" />
      </MissingDependency>
      <MissingDependency>
        <Required key="165" type="60" displayName="Email History" parentDisplayName="Contact" solution="Active" id="{684a67cb-01d6-47d3-b6bd-754362a57a50}" />
        <Dependent key="1" type="80" schemaName="udo_MHEO" displayName="VASS" />
      </MissingDependency>
      <MissingDependency>
        <Required key="166" type="60" displayName="VASS Coach Dashboard" solution="Active" id="{fb46d9e3-ec85-4dd6-bec1-c2a5cf7089eb}" />
        <Dependent key="1" type="80" schemaName="udo_MHEO" displayName="VASS" />
      </MissingDependency>
      <MissingDependency>
        <Required key="167" type="60" displayName="VASS Veteran Profile" parentDisplayName="Contact" solution="Active" id="{b540fcfc-6206-4fa7-8071-6ae82e1db1fb}" />
        <Dependent key="1" type="80" schemaName="udo_MHEO" displayName="VASS" />
      </MissingDependency>
      <MissingDependency>
        <Required key="168" type="60" displayName="Information" parentDisplayName="Dependent" solution="CRMEDependentMaintenance (2015.12.01)" id="{fe6b8f5c-c09c-417e-b187-630a24ddba8a}" />
        <Dependent key="1" type="80" schemaName="udo_MHEO" displayName="VASS" />
      </MissingDependency>
      <MissingDependency>
        <Required key="169" type="60" displayName="VASS National Dashboard" solution="Active" id="{140d66d0-35c8-e911-a983-001dd80081ad}" />
        <Dependent key="1" type="80" schemaName="udo_MHEO" displayName="VASS" />
      </MissingDependency>
      <MissingDependency>
        <Required key="170" type="60" displayName="VASS Agent Dashboard" solution="Active" id="{e76af8dd-18c8-e911-a983-001dd80081ad}" />
        <Dependent key="1" type="80" schemaName="udo_MHEO" displayName="VASS" />
      </MissingDependency>
      <MissingDependency>
        <Required key="160" type="60" displayName="VASS Prior Call Attempts" parentDisplayName="Contact" solution="Active" id="{34ad8427-7ced-4f55-a952-156e548b8540}" />
        <Dependent key="26" type="60" displayName="VASS Interaction" parentDisplayName="Interaction" id="{49074786-94d9-41a7-8976-7d239017f7d3}" />
      </MissingDependency>
      <MissingDependency>
        <Required key="165" type="60" displayName="Email History" parentDisplayName="Contact" solution="Active" id="{684a67cb-01d6-47d3-b6bd-754362a57a50}" />
        <Dependent key="26" type="60" displayName="VASS Interaction" parentDisplayName="Interaction" id="{49074786-94d9-41a7-8976-7d239017f7d3}" />
      </MissingDependency>
      <MissingDependency>
        <Required key="162" type="60" displayName="VASS Veteran Profile Quick View" parentDisplayName="Contact" solution="Active" id="{2b505b36-5232-4e9b-9bee-d7591ac9fb1d}" />
        <Dependent key="26" type="60" displayName="VASS Interaction" parentDisplayName="Interaction" id="{49074786-94d9-41a7-8976-7d239017f7d3}" />
      </MissingDependency>
      <MissingDependency>
        <Required key="171" type="61" schemaName="udo_/ESR/HTML/EligibilitySubgrid.html" displayName="udo_/ESR/HTML/EligibilitySubgrid.html" solution="Active" />
        <Dependent key="26" type="60" displayName="VASS Interaction" parentDisplayName="Interaction" id="{49074786-94d9-41a7-8976-7d239017f7d3}" />
      </MissingDependency>
      <MissingDependency>
        <Required key="172" type="61" schemaName="udo_mheointeraction.js" displayName="udo_mheointeraction.js" solution="Active" />
        <Dependent key="26" type="60" displayName="VASS Interaction" parentDisplayName="Interaction" id="{49074786-94d9-41a7-8976-7d239017f7d3}" />
      </MissingDependency>
      <MissingDependency>
        <Required key="173" type="61" schemaName="msdyn_/Images/AppModule_Default_Icon.png" displayName="msdyn_/Images/AppModule_Default_Icon.png" solution="AppModuleWebResources (2.5)" />
        <Dependent key="1" type="80" schemaName="udo_MHEO" displayName="VASS" />
      </MissingDependency>
    </MissingDependencies>
  </SolutionManifest>
</ImportExportXml>