{"properties":{"connectionReferences":{"shared_commondataserviceforapps":{"runtimeSource":"embedded","connection":{},"api":{"name":"shared_commondataserviceforapps"}}},"definition":{"$schema":"https://schema.management.azure.com/providers/Microsoft.Logic/schemas/2016-06-01/workflowdefinition.json#","contentVersion":"1.0.0.0","parameters":{"$connections":{"defaultValue":{},"type":"Object"},"$authentication":{"defaultValue":{},"type":"SecureObject"}},"triggers":{"When_a_row_is_added,_modified_or_deleted":{"type":"OpenApiConnectionWebhook","inputs":{"host":{"connectionName":"shared_commondataserviceforapps","operationId":"SubscribeWebhookTrigger","apiId":"/providers/Microsoft.PowerApps/apis/shared_commondataserviceforapps"},"parameters":{"subscriptionRequest/message":4,"subscriptionRequest/entityname":"udo_pointofinteraction","subscriptionRequest/scope":4,"subscriptionRequest/filteringattributes":"statuscode,udo_rejectiondescription,udo_rejectionreason","subscriptionRequest/filterexpression":"_udo_veteran_value ne null and _udo_idproof_value ne null and (statuscode eq 1 or statuscode eq 751880005)","subscriptionRequest/runas":1},"authentication":"@parameters('$authentication')"}}},"actions":{"Create_Note":{"runAfter":{},"type":"OpenApiConnection","inputs":{"host":{"connectionName":"shared_commondataserviceforapps","operationId":"PerformUnboundAction","apiId":"/providers/Microsoft.PowerApps/apis/shared_commondataserviceforapps"},"parameters":{"actionName":"udo_CreateNote","item/ParentEntityReference":"/udo_pointofinteractions/@{triggerOutputs()?['body/udo_pointofinteractionid']}","item/VeteranPOI":"@if(equals(triggerOutputs()?['body/_udo_veteran_value'], null), null, concat('/contacts/', triggerOutputs()?['body/_udo_veteran_value']))","item/IdProofPOI":"@if(equals(triggerOutputs()?['body/_udo_idproof_value'], null), null, concat('/udo_idproofs/', triggerOutputs()?['body/_udo_idproof_value']))","item/POIRequestedAction":"@triggerOutputs()?['body/udo_requestedaction']"},"authentication":"@parameters('$authentication')"}}},"outputs":{}}},"schemaVersion":"1.0.0.0"}