<ImportExportXml xmlns:xsi="http://www.w3.org/2001/XMLSchema-instance">
  <Entities></Entities>
  <Roles></Roles>
  <Workflows></Workflows>
  <FieldSecurityProfiles></FieldSecurityProfiles>
  <Templates />
  <EntityMaps />
  <EntityRelationships />
  <OrganizationSettings />
  <optionsets />
  <WebResources>
    <WebResource>
      <WebResourceId>{c8814d91-9f4d-e511-9451-00155d049efa}</WebResourceId>
      <Name>udo_/images/ClaimStatusMainScreen1a.gif</Name>
      <DisplayName>Claim Status Main Screem 1a</DisplayName>
      <WebResourceType>7</WebResourceType>
      <IntroducedVersion>2015.08.26.01</IntroducedVersion>
      <IsEnabledForMobileClient>0</IsEnabledForMobileClient>
      <IsAvailableForMobileOffline>0</IsAvailableForMobileOffline>
      <IsCustomizable>1</IsCustomizable>
      <CanBeDeleted>1</CanBeDeleted>
      <IsHidden>0</IsHidden>
      <FileName>/WebResources/udo_imagesClaimStatusMainScreen1agifC8814D91-9F4D-E511-9451-00155D049EFA</FileName>
    </WebResource>
    <WebResource>
      <WebResourceId>{70fb65ed-a04d-e511-9451-00155d049efa}</WebResourceId>
      <Name>udo_/images/ClaimStatusDetailScreen1b.jpg</Name>
      <DisplayName>Claim Status Detail Screen 1b</DisplayName>
      <WebResourceType>6</WebResourceType>
      <IntroducedVersion>2015.08.26.01</IntroducedVersion>
      <IsEnabledForMobileClient>0</IsEnabledForMobileClient>
      <IsAvailableForMobileOffline>0</IsAvailableForMobileOffline>
      <IsCustomizable>1</IsCustomizable>
      <CanBeDeleted>1</CanBeDeleted>
      <IsHidden>0</IsHidden>
      <FileName>/WebResources/udo_imagesClaimStatusDetailScreen1bjpg70FB65ED-A04D-E511-9451-00155D049EFA</FileName>
    </WebResource>
    <WebResource>
      <WebResourceId>{d7c7f9cb-c550-e511-9451-00155d049efa}</WebResourceId>
      <Name>udo_/images/ClosedClaims.jpg</Name>
      <DisplayName>ClosedClaims.jpg</DisplayName>
      <WebResourceType>6</WebResourceType>
      <IntroducedVersion>2015.09.01.02</IntroducedVersion>
      <IsEnabledForMobileClient>0</IsEnabledForMobileClient>
      <IsAvailableForMobileOffline>0</IsAvailableForMobileOffline>
      <IsCustomizable>1</IsCustomizable>
      <CanBeDeleted>1</CanBeDeleted>
      <IsHidden>0</IsHidden>
      <FileName>/WebResources/udo_imagesClosedClaimsjpgD7C7F9CB-C550-E511-9451-00155D049EFA</FileName>
    </WebResource>
    <WebResource>
      <WebResourceId>{56508784-4356-e511-9451-00155d049efa}</WebResourceId>
      <Name>udo_/images/ClaimStatusProcesses/ClaimReceived.jpg</Name>
      <DisplayName>udo_/images/ClaimStatusProcesses/ClaimReceived.jpg</DisplayName>
      <WebResourceType>6</WebResourceType>
      <IntroducedVersion>2015.09.08.01</IntroducedVersion>
      <IsEnabledForMobileClient>0</IsEnabledForMobileClient>
      <IsAvailableForMobileOffline>0</IsAvailableForMobileOffline>
      <IsCustomizable>1</IsCustomizable>
      <CanBeDeleted>1</CanBeDeleted>
      <IsHidden>0</IsHidden>
      <FileName>/WebResources/udo_imagesClaimStatusProcessesClaimReceivedjpg56508784-4356-E511-9451-00155D049EFA</FileName>
    </WebResource>
    <WebResource>
      <WebResourceId>{12f86399-4356-e511-9451-00155d049efa}</WebResourceId>
      <Name>udo_/images/ClaimStatusProcesses/UnderReview.jpg</Name>
      <DisplayName>udo_/images/ClaimStatusProcesses/UnderReview.jpg</DisplayName>
      <WebResourceType>6</WebResourceType>
      <IntroducedVersion>2015.09.08.01</IntroducedVersion>
      <IsEnabledForMobileClient>0</IsEnabledForMobileClient>
      <IsAvailableForMobileOffline>0</IsAvailableForMobileOffline>
      <IsCustomizable>1</IsCustomizable>
      <CanBeDeleted>1</CanBeDeleted>
      <IsHidden>0</IsHidden>
      <FileName>/WebResources/udo_imagesClaimStatusProcessesUnderReviewjpg12F86399-4356-E511-9451-00155D049EFA</FileName>
    </WebResource>
    <WebResource>
      <WebResourceId>{1a07b7ab-4356-e511-9451-00155d049efa}</WebResourceId>
      <Name>udo_/images/ClaimStatusProcesses/GatheringofEvidence.jpg</Name>
      <DisplayName>udo_/images/ClaimStatusProcesses/GatheringofEvidence.jpg</DisplayName>
      <WebResourceType>6</WebResourceType>
      <IntroducedVersion>2015.09.08.01</IntroducedVersion>
      <IsEnabledForMobileClient>0</IsEnabledForMobileClient>
      <IsAvailableForMobileOffline>0</IsAvailableForMobileOffline>
      <IsCustomizable>1</IsCustomizable>
      <CanBeDeleted>1</CanBeDeleted>
      <IsHidden>0</IsHidden>
      <FileName>/WebResources/udo_imagesClaimStatusProcessesGatheringofEvidencej1A07B7AB-4356-E511-9451-00155D049EFA</FileName>
    </WebResource>
    <WebResource>
      <WebResourceId>{19bf87d7-4356-e511-9451-00155d049efa}</WebResourceId>
      <Name>udo_/images/ClaimStatusProcesses/REviewofEvidence.jpg</Name>
      <WebResourceType>6</WebResourceType>
      <IntroducedVersion>2015.09.08.01</IntroducedVersion>
      <IsEnabledForMobileClient>0</IsEnabledForMobileClient>
      <IsAvailableForMobileOffline>0</IsAvailableForMobileOffline>
      <IsCustomizable>1</IsCustomizable>
      <CanBeDeleted>1</CanBeDeleted>
      <IsHidden>0</IsHidden>
      <FileName>/WebResources/udo_imagesClaimStatusProcessesREviewofEvidencejpg19BF87D7-4356-E511-9451-00155D049EFA</FileName>
    </WebResource>
    <WebResource>
      <WebResourceId>{84a2e1ed-4356-e511-9451-00155d049efa}</WebResourceId>
      <Name>udo_/images/ClaimStatusProcesses/PreprationforDecision.jpg</Name>
      <DisplayName>udo_/images/ClaimStatusProcesses/PreprationforDecision.jpg</DisplayName>
      <WebResourceType>6</WebResourceType>
      <IntroducedVersion>2015.09.08.01</IntroducedVersion>
      <IsEnabledForMobileClient>0</IsEnabledForMobileClient>
      <IsAvailableForMobileOffline>0</IsAvailableForMobileOffline>
      <IsCustomizable>1</IsCustomizable>
      <CanBeDeleted>1</CanBeDeleted>
      <IsHidden>0</IsHidden>
      <FileName>/WebResources/udo_imagesClaimStatusProcessesPreprationforDecisio84A2E1ED-4356-E511-9451-00155D049EFA</FileName>
    </WebResource>
    <WebResource>
      <WebResourceId>{2481fc00-4456-e511-9451-00155d049efa}</WebResourceId>
      <Name>udo_/images/ClaimStatusProcesses/PendingDecisionApproval.jpg</Name>
      <DisplayName>udo_/images/ClaimStatusProcesses/PendingDecisionApproval.jpg</DisplayName>
      <WebResourceType>6</WebResourceType>
      <IntroducedVersion>2015.09.08.01</IntroducedVersion>
      <IsEnabledForMobileClient>0</IsEnabledForMobileClient>
      <IsAvailableForMobileOffline>0</IsAvailableForMobileOffline>
      <IsCustomizable>1</IsCustomizable>
      <CanBeDeleted>1</CanBeDeleted>
      <IsHidden>0</IsHidden>
      <FileName>/WebResources/udo_imagesClaimStatusProcessesPendingDecisionAppro2481FC00-4456-E511-9451-00155D049EFA</FileName>
    </WebResource>
    <WebResource>
      <WebResourceId>{b57bdb16-4456-e511-9451-00155d049efa}</WebResourceId>
      <Name>udo_/images/ClaimStatusProcesses/PreparationForNotification.jpg</Name>
      <DisplayName>udo_/images/ClaimStatusProcesses/PreparationForNotification.jpg</DisplayName>
      <WebResourceType>6</WebResourceType>
      <IntroducedVersion>2015.09.08.01</IntroducedVersion>
      <IsEnabledForMobileClient>0</IsEnabledForMobileClient>
      <IsAvailableForMobileOffline>0</IsAvailableForMobileOffline>
      <IsCustomizable>1</IsCustomizable>
      <CanBeDeleted>1</CanBeDeleted>
      <IsHidden>0</IsHidden>
      <FileName>/WebResources/udo_imagesClaimStatusProcessesPreparationForNotifiB57BDB16-4456-E511-9451-00155D049EFA</FileName>
    </WebResource>
    <WebResource>
      <WebResourceId>{8eb66928-4456-e511-9451-00155d049efa}</WebResourceId>
      <Name>udo_/images/ClaimStatusProcesses/Complete.jpg</Name>
      <DisplayName>udo_/images/ClaimStatusProcesses/Complete.jpg</DisplayName>
      <WebResourceType>6</WebResourceType>
      <IntroducedVersion>2015.09.08.01</IntroducedVersion>
      <IsEnabledForMobileClient>0</IsEnabledForMobileClient>
      <IsAvailableForMobileOffline>0</IsAvailableForMobileOffline>
      <IsCustomizable>1</IsCustomizable>
      <CanBeDeleted>1</CanBeDeleted>
      <IsHidden>0</IsHidden>
      <FileName>/WebResources/udo_imagesClaimStatusProcessesCompletejpg8EB66928-4456-E511-9451-00155D049EFA</FileName>
    </WebResource>
    <WebResource>
      <WebResourceId>{2981d143-4456-e511-9451-00155d049efa}</WebResourceId>
      <Name>udo_/images/ClaimStatusProcesses/DefaultStatus.jpg</Name>
      <DisplayName>udo_/images/ClaimStatusProcesses/DefaultStatus.jpg</DisplayName>
      <WebResourceType>6</WebResourceType>
      <IntroducedVersion>2015.09.08.01</IntroducedVersion>
      <IsEnabledForMobileClient>0</IsEnabledForMobileClient>
      <IsAvailableForMobileOffline>0</IsAvailableForMobileOffline>
      <IsCustomizable>1</IsCustomizable>
      <CanBeDeleted>1</CanBeDeleted>
      <IsHidden>0</IsHidden>
      <FileName>/WebResources/udo_imagesClaimStatusProcessesDefaultStatusjpg2981D143-4456-E511-9451-00155D049EFA</FileName>
    </WebResource>
  </WebResources>
  <Languages>
    <Language>1033</Language>
  </Languages>
</ImportExportXml>