<ImportExportXml version="9.0.2.3034" SolutionPackageVersion="9.0" languagecode="1033" generatedBy="OnPremise" xmlns:xsi="http://www.w3.org/2001/XMLSchema-instance">
  <SolutionManifest>
    <UniqueName>UDOD365Plugins</UniqueName>
    <LocalizedNames>
      <LocalizedName description="UDO D365 Plugins" languagecode="1033" />
    </LocalizedNames>
    <Descriptions>
      <Description description="Solution for all UDO Custom Actions Plugins." languagecode="1033" />
    </Descriptions>
    <Version>2019.04.08.01</Version>
    <Managed>0</Managed>
    <Publisher>
      <UniqueName>microsoftconsultingservices</UniqueName>
      <LocalizedNames>
        <LocalizedName description="Microsoft Consulting Services" languagecode="1033" />
      </LocalizedNames>
      <Descriptions />
      <EMailAddress xsi:nil="true"></EMailAddress>
      <SupportingWebsiteUrl xsi:nil="true"></SupportingWebsiteUrl>
      <CustomizationPrefix>udo</CustomizationPrefix>
      <CustomizationOptionValuePrefix>75228</CustomizationOptionValuePrefix>
      <Addresses>
        <Address>
          <AddressNumber>1</AddressNumber>
          <AddressTypeCode>1</AddressTypeCode>
          <City xsi:nil="true"></City>
          <County xsi:nil="true"></County>
          <Country xsi:nil="true"></Country>
          <Fax xsi:nil="true"></Fax>
          <FreightTermsCode xsi:nil="true"></FreightTermsCode>
          <ImportSequenceNumber xsi:nil="true"></ImportSequenceNumber>
          <Latitude xsi:nil="true"></Latitude>
          <Line1 xsi:nil="true"></Line1>
          <Line2 xsi:nil="true"></Line2>
          <Line3 xsi:nil="true"></Line3>
          <Longitude xsi:nil="true"></Longitude>
          <Name xsi:nil="true"></Name>
          <PostalCode xsi:nil="true"></PostalCode>
          <PostOfficeBox xsi:nil="true"></PostOfficeBox>
          <PrimaryContactName xsi:nil="true"></PrimaryContactName>
          <ShippingMethodCode>1</ShippingMethodCode>
          <StateOrProvince xsi:nil="true"></StateOrProvince>
          <Telephone1 xsi:nil="true"></Telephone1>
          <Telephone2 xsi:nil="true"></Telephone2>
          <Telephone3 xsi:nil="true"></Telephone3>
          <TimeZoneRuleVersionNumber xsi:nil="true"></TimeZoneRuleVersionNumber>
          <UPSZone xsi:nil="true"></UPSZone>
          <UTCOffset xsi:nil="true"></UTCOffset>
          <UTCConversionTimeZoneCode xsi:nil="true"></UTCConversionTimeZoneCode>
        </Address>
        <Address>
          <AddressNumber>2</AddressNumber>
          <AddressTypeCode>1</AddressTypeCode>
          <City xsi:nil="true"></City>
          <County xsi:nil="true"></County>
          <Country xsi:nil="true"></Country>
          <Fax xsi:nil="true"></Fax>
          <FreightTermsCode xsi:nil="true"></FreightTermsCode>
          <ImportSequenceNumber xsi:nil="true"></ImportSequenceNumber>
          <Latitude xsi:nil="true"></Latitude>
          <Line1 xsi:nil="true"></Line1>
          <Line2 xsi:nil="true"></Line2>
          <Line3 xsi:nil="true"></Line3>
          <Longitude xsi:nil="true"></Longitude>
          <Name xsi:nil="true"></Name>
          <PostalCode xsi:nil="true"></PostalCode>
          <PostOfficeBox xsi:nil="true"></PostOfficeBox>
          <PrimaryContactName xsi:nil="true"></PrimaryContactName>
          <ShippingMethodCode>1</ShippingMethodCode>
          <StateOrProvince xsi:nil="true"></StateOrProvince>
          <Telephone1 xsi:nil="true"></Telephone1>
          <Telephone2 xsi:nil="true"></Telephone2>
          <Telephone3 xsi:nil="true"></Telephone3>
          <TimeZoneRuleVersionNumber xsi:nil="true"></TimeZoneRuleVersionNumber>
          <UPSZone xsi:nil="true"></UPSZone>
          <UTCOffset xsi:nil="true"></UTCOffset>
          <UTCConversionTimeZoneCode xsi:nil="true"></UTCConversionTimeZoneCode>
        </Address>
      </Addresses>
    </Publisher>
    <RootComponents>
      <RootComponent type="29" id="{0347e87b-f7f7-45d4-9be4-afa1082a15be}" behavior="0" />
      <RootComponent type="29" id="{05889d6e-8926-4831-b61c-4b3b27e56d0e}" behavior="0" />
      <RootComponent type="29" id="{07a40642-a74f-47bf-8d7d-55e01ffb329d}" behavior="0" />
      <RootComponent type="29" id="{09fad693-e7eb-4481-851a-a781ce2a6fb3}" behavior="0" />
      <RootComponent type="29" id="{0f45c91d-8bfd-4c24-9489-de997a041b12}" behavior="0" />
      <RootComponent type="29" id="{10573dcb-772d-4a9a-a112-7bfdefac30df}" behavior="0" />
      <RootComponent type="29" id="{17fca732-f47a-4275-aa3c-d4f6ba09a7b4}" behavior="0" />
      <RootComponent type="29" id="{19f64914-25d5-41e1-8ae4-b24f89e1fb54}" behavior="0" />
      <RootComponent type="29" id="{26e48522-2e6f-4d34-882d-ec2528aded00}" behavior="0" />
      <RootComponent type="29" id="{27e4bdf2-e3c9-4bbc-8c87-0eceb8a20b95}" behavior="0" />
      <RootComponent type="29" id="{2ac15880-8cf5-4799-a1e1-41590ea625cb}" behavior="0" />
      <RootComponent type="29" id="{2df0896f-bc33-4ba4-9886-ae71385a9a62}" behavior="0" />
      <RootComponent type="29" id="{31260ceb-f7df-4d5a-ab36-32882e01a8c2}" behavior="0" />
      <RootComponent type="29" id="{31944fa8-dfce-4b7c-80d6-6609cdf267e2}" behavior="0" />
      <RootComponent type="29" id="{31d71443-7bfa-437e-8cb2-2102ad6351df}" behavior="0" />
      <RootComponent type="29" id="{3917ea91-8ce8-49da-b48f-2e13a616bd48}" behavior="0" />
      <RootComponent type="29" id="{39b6fa08-691c-454e-aa59-cefedd511110}" behavior="0" />
      <RootComponent type="29" id="{51648b23-c219-4030-8bea-6b0dffcade4d}" behavior="0" />
      <RootComponent type="29" id="{520edc39-80bf-4090-a12b-49052d53e4e6}" behavior="0" />
      <RootComponent type="29" id="{5bac23e1-3639-4143-92b1-8a5683689ee4}" behavior="0" />
      <RootComponent type="29" id="{5da6a16c-bbb0-4389-bbdb-56854d4a957b}" behavior="0" />
      <RootComponent type="29" id="{5f1cade2-5d20-4669-8abb-78fefd1897cd}" behavior="0" />
      <RootComponent type="29" id="{60f5aa1a-c32d-47ce-9a97-1bc30ee030de}" behavior="0" />
      <RootComponent type="29" id="{66328fe0-0f47-4395-b770-888644af47e0}" behavior="0" />
      <RootComponent type="29" id="{677bd612-2bbe-4aa3-8a7b-621cc042fe6b}" behavior="0" />
      <RootComponent type="29" id="{677e9afa-dcde-4eda-9275-e8c6352b4d7d}" behavior="0" />
      <RootComponent type="29" id="{6e3834e4-023d-4964-b1fe-e13744dcf2cb}" behavior="0" />
      <RootComponent type="29" id="{7022ff51-9769-4e48-a232-5657cf7ab74b}" behavior="0" />
      <RootComponent type="29" id="{756a29d0-a4a2-4291-984a-e087a74f6bad}" behavior="0" />
      <RootComponent type="29" id="{802d7cbd-7cd4-4e32-a43c-cfceaf8fa56e}" behavior="0" />
      <RootComponent type="29" id="{84ffc146-91f9-47ad-bca7-77c0543b0508}" behavior="0" />
      <RootComponent type="29" id="{868f69a0-6edc-4b3c-ab24-d573a0156e08}" behavior="0" />
      <RootComponent type="29" id="{87309d72-0946-4680-98f3-41256b353727}" behavior="0" />
      <RootComponent type="29" id="{92272597-07a6-47c0-8105-179bcafd60b2}" behavior="0" />
      <RootComponent type="29" id="{941c5e59-5e30-46cc-87da-9f18e5a16ed3}" behavior="0" />
      <RootComponent type="29" id="{a0ab3f1a-247a-4942-9b59-625a8db1bfb1}" behavior="0" />
      <RootComponent type="29" id="{a204a3e7-ca1d-4209-bf53-fa8418a10e1d}" behavior="0" />
      <RootComponent type="29" id="{a7d9c867-e403-4886-9ec9-a14e87b96489}" behavior="0" />
      <RootComponent type="29" id="{aef1e7fe-af54-4a49-89d9-39c6da78774a}" behavior="0" />
      <RootComponent type="29" id="{b8caec1c-099b-4498-9596-12728b4f6b72}" behavior="0" />
      <RootComponent type="29" id="{b8db76ad-27d9-4245-b69e-7dbc80dc1311}" behavior="0" />
      <RootComponent type="29" id="{c6668621-4743-4b11-b7f0-c8893c54ce88}" behavior="0" />
      <RootComponent type="29" id="{c7766160-715f-4a8f-83cf-5a6bfc7e23ed}" behavior="0" />
      <RootComponent type="29" id="{c783f3de-8ad1-4e71-8204-6a8c7245a5f6}" behavior="0" />
      <RootComponent type="29" id="{c9f92d1a-2081-4d92-b64e-4e88b366a420}" behavior="0" />
      <RootComponent type="29" id="{ca52eff4-5b80-480b-b9b0-e67a78d15d04}" behavior="0" />
      <RootComponent type="29" id="{d7a9a0e2-1237-4dcf-9b1e-a3dd2998fa6f}" behavior="0" />
      <RootComponent type="29" id="{ddd83f45-0f65-4bd8-a71d-f2367ab5fbbf}" behavior="0" />
      <RootComponent type="29" id="{e5047efb-0555-4b29-8840-2a3ae09ba8aa}" behavior="0" />
      <RootComponent type="29" id="{e801a547-a90c-4a88-a751-26075668f483}" behavior="0" />
      <RootComponent type="29" id="{f4f09fc1-2ffd-4b22-b1cc-a83e25fd3a6d}" behavior="0" />
      <RootComponent type="29" id="{f7dd1510-b3de-414b-815d-a66d29caca12}" behavior="0" />
      <RootComponent type="29" id="{f9a86350-e279-4d6f-b1bd-bc5fe099d7b9}" behavior="0" />
      <RootComponent type="29" id="{faaf2ecc-d57e-4265-920b-1311af32b1ff}" behavior="0" />
      <RootComponent type="29" id="{fbea41f0-fb13-4087-9c1b-fc21379daafd}" behavior="0" />
      <RootComponent type="91" id="{ecd809f5-90a0-4ba0-8a84-4eb6984398f2}" schemaName="UDO.CustomActions.Plugins, Version=1.0.0.0, Culture=neutral, PublicKeyToken=fc5dd85bb379c665" behavior="0" />
      <RootComponent type="92" id="{00fbcbbe-8051-e911-a992-000d3a05c4f0}" behavior="0" />
      <RootComponent type="92" id="{02f09b3a-8251-e911-a992-000d3a05c4f0}" behavior="0" />
      <RootComponent type="92" id="{04f9c279-8251-e911-a992-000d3a05c4f0}" behavior="0" />
      <RootComponent type="92" id="{061fb6e9-8051-e911-a992-000d3a05c4f0}" behavior="0" />
      <RootComponent type="92" id="{08990c94-8251-e911-a992-000d3a05c4f0}" behavior="0" />
      <RootComponent type="92" id="{0efe9592-8051-e911-a992-000d3a05c4f0}" behavior="0" />
      <RootComponent type="92" id="{196b3e0c-8151-e911-a992-000d3a05c4f0}" behavior="0" />
      <RootComponent type="92" id="{2068a371-8251-e911-a992-000d3a05c4f0}" behavior="0" />
      <RootComponent type="92" id="{21dc65ed-8351-e911-a992-000d3a05c4f0}" behavior="0" />
      <RootComponent type="92" id="{23b77701-8151-e911-a992-000d3a05c4f0}" behavior="0" />
      <RootComponent type="92" id="{289f611c-8451-e911-a992-000d3a05c4f0}" behavior="0" />
      <RootComponent type="92" id="{2bee7e9c-8251-e911-a992-000d3a05c4f0}" behavior="0" />
      <RootComponent type="92" id="{2d0a4e00-8351-e911-a992-000d3a05c4f0}" behavior="0" />
      <RootComponent type="92" id="{386c1268-8251-e911-a992-000d3a05c4f0}" behavior="0" />
      <RootComponent type="92" id="{3a9768f4-8051-e911-a992-000d3a05c4f0}" behavior="0" />
      <RootComponent type="92" id="{49c58bb5-8051-e911-a992-000d3a05c4f0}" behavior="0" />
      <RootComponent type="92" id="{55bdcac8-8251-e911-a992-000d3a05c4f0}" behavior="0" />
      <RootComponent type="92" id="{5928190c-8451-e911-a992-000d3a05c4f0}" behavior="0" />
      <RootComponent type="92" id="{595e8651-8251-e911-a992-000d3a05c4f0}" behavior="0" />
      <RootComponent type="92" id="{5d4512cc-8051-e911-a992-000d3a05c4f0}" behavior="0" />
      <RootComponent type="92" id="{5ea53cdd-8051-e911-a992-000d3a05c4f0}" behavior="0" />
      <RootComponent type="92" id="{6749a7c5-8351-e911-a992-000d3a05c4f0}" behavior="0" />
      <RootComponent type="92" id="{6bc3b214-8451-e911-a992-000d3a05c4f0}" behavior="0" />
      <RootComponent type="92" id="{73c4ce83-8251-e911-a992-000d3a05c4f0}" behavior="0" />
      <RootComponent type="92" id="{776667df-8251-e911-a992-000d3a05c4f0}" behavior="0" />
      <RootComponent type="92" id="{783f6bd9-8351-e911-a992-000d3a05c4f0}" behavior="0" />
      <RootComponent type="92" id="{7b6a50e4-8351-e911-a992-000d3a05c4f0}" behavior="0" />
      <RootComponent type="92" id="{7b96c5b9-8151-e911-a992-000d3a05c4f0}" behavior="0" />
      <RootComponent type="92" id="{7d470604-8451-e911-a992-000d3a05c4f0}" behavior="0" />
      <RootComponent type="92" id="{7d57c056-8151-e911-a992-000d3a05c4f0}" behavior="0" />
      <RootComponent type="92" id="{80617f2c-8451-e911-a992-000d3a05c4f0}" behavior="0" />
      <RootComponent type="92" id="{8cda0125-8451-e911-a992-000d3a05c4f0}" behavior="0" />
      <RootComponent type="92" id="{97c70e23-8251-e911-a992-000d3a05c4f0}" behavior="0" />
      <RootComponent type="92" id="{9bf6909f-8151-e911-a992-000d3a05c4f0}" behavior="0" />
      <RootComponent type="92" id="{ab484cf3-8151-e911-a992-000d3a05c4f0}" behavior="0" />
      <RootComponent type="92" id="{b2e084d0-8351-e911-a992-000d3a05c4f0}" behavior="0" />
      <RootComponent type="92" id="{b77d6718-8251-e911-a992-000d3a05c4f0}" behavior="0" />
      <RootComponent type="92" id="{b82a93f8-8351-e911-a992-000d3a05c4f0}" behavior="0" />
      <RootComponent type="92" id="{b9b81344-8251-e911-a992-000d3a05c4f0}" behavior="0" />
      <RootComponent type="92" id="{d157c407-8351-e911-a992-000d3a05c4f0}" behavior="0" />
      <RootComponent type="92" id="{d2e1dc6b-8151-e911-a992-000d3a05c4f0}" behavior="0" />
      <RootComponent type="92" id="{d2f131a9-8051-e911-a992-000d3a05c4f0}" behavior="0" />
      <RootComponent type="92" id="{d9269ef7-8251-e911-a992-000d3a05c4f0}" behavior="0" />
      <RootComponent type="92" id="{db9108a9-8151-e911-a992-000d3a05c4f0}" behavior="0" />
      <RootComponent type="92" id="{dc32a0a7-8251-e911-a992-000d3a05c4f0}" behavior="0" />
      <RootComponent type="92" id="{e1903c4c-8151-e911-a992-000d3a05c4f0}" behavior="0" />
      <RootComponent type="92" id="{e4810262-8151-e911-a992-000d3a05c4f0}" behavior="0" />
      <RootComponent type="92" id="{e4ad5295-8151-e911-a992-000d3a05c4f0}" behavior="0" />
      <RootComponent type="92" id="{ffc0efec-8251-e911-a992-000d3a05c4f0}" behavior="0" />
    </RootComponents>
    <MissingDependencies>
      <MissingDependency>
        <Required key="0" type="1" schemaName="udo_lettergeneration" displayName="Letter Generation" solution="Active" />
        <Dependent key="1" type="29" displayName="udo_GenerateLetter" id="{31d71443-7bfa-437e-8cb2-2102ad6351df}" />
      </MissingDependency>
      <MissingDependency>
        <Required key="2" type="1" schemaName="udo_servicerequest" displayName="Service Request" solution="Active" />
        <Dependent key="3" type="29" displayName="udo_GenerateServiceRequest" id="{87309d72-0946-4680-98f3-41256b353727}" />
      </MissingDependency>
      <MissingDependency>
        <Required key="2" type="1" schemaName="udo_servicerequest" displayName="Service Request" solution="Active" />
        <Dependent key="4" type="29" displayName="CloneServiceRequest" id="{27e4bdf2-e3c9-4bbc-8c87-0eceb8a20b95}" />
      </MissingDependency>
      <MissingDependency>
        <Required key="5" type="1" schemaName="udo_note" displayName="Note" solution="Active" />
        <Dependent key="6" type="29" displayName="note_ForceDelete" id="{09fad693-e7eb-4481-851a-a781ce2a6fb3}" />
      </MissingDependency>
      <MissingDependency>
        <Required key="7" type="2" schemaName="udo_noteid" displayName="Note" parentSchemaName="udo_note" parentDisplayName="Note" solution="Active" />
        <Dependent key="6" type="29" displayName="note_ForceDelete" id="{09fad693-e7eb-4481-851a-a781ce2a6fb3}" />
      </MissingDependency>
      <MissingDependency>
        <Required key="8" type="2" schemaName="udo_name" displayName="Name" parentSchemaName="udo_note" parentDisplayName="Note" solution="Active" />
        <Dependent key="6" type="29" displayName="note_ForceDelete" id="{09fad693-e7eb-4481-851a-a781ce2a6fb3}" />
      </MissingDependency>
      <MissingDependency>
        <Required key="9" type="2" schemaName="udo_servicerequestid" displayName="Service Request" parentSchemaName="udo_servicerequest" parentDisplayName="Service Request" solution="Active" />
        <Dependent key="3" type="29" displayName="udo_GenerateServiceRequest" id="{87309d72-0946-4680-98f3-41256b353727}" />
      </MissingDependency>
      <MissingDependency>
        <Required key="10" type="2" schemaName="udo_reqnumber" displayName="Request Number" parentSchemaName="udo_servicerequest" parentDisplayName="Service Request" solution="Active" />
        <Dependent key="3" type="29" displayName="udo_GenerateServiceRequest" id="{87309d72-0946-4680-98f3-41256b353727}" />
      </MissingDependency>
      <MissingDependency>
        <Required key="11" type="2" schemaName="udo_name" displayName="Name" parentSchemaName="udo_lettergeneration" parentDisplayName="Letter Generation" solution="Active" />
        <Dependent key="1" type="29" displayName="udo_GenerateLetter" id="{31d71443-7bfa-437e-8cb2-2102ad6351df}" />
      </MissingDependency>
      <MissingDependency>
        <Required key="12" type="2" schemaName="udo_lettergenerationid" displayName="Letter Generation" parentSchemaName="udo_lettergeneration" parentDisplayName="Letter Generation" solution="Active" />
        <Dependent key="1" type="29" displayName="udo_GenerateLetter" id="{31d71443-7bfa-437e-8cb2-2102ad6351df}" />
      </MissingDependency>
      <MissingDependency>
        <Required key="10" type="2" schemaName="udo_reqnumber" displayName="Request Number" parentSchemaName="udo_servicerequest" parentDisplayName="Service Request" solution="Active" />
        <Dependent key="4" type="29" displayName="CloneServiceRequest" id="{27e4bdf2-e3c9-4bbc-8c87-0eceb8a20b95}" />
      </MissingDependency>
      <MissingDependency>
        <Required key="9" type="2" schemaName="udo_servicerequestid" displayName="Service Request" parentSchemaName="udo_servicerequest" parentDisplayName="Service Request" solution="Active" />
        <Dependent key="4" type="29" displayName="CloneServiceRequest" id="{27e4bdf2-e3c9-4bbc-8c87-0eceb8a20b95}" />
      </MissingDependency>
    </MissingDependencies>
  </SolutionManifest>
</ImportExportXml>