<?xml version="1.0" encoding="utf-8"?>
<CrmMap xmlns:xsi="http://www.w3.org/2001/XMLSchema-instance" xmlns:xsd="http://www.w3.org/2001/XMLSchema">
  <sourceConnection>Username=; Password=; Url=; AuthType=OAuth; RequireNewInstance=true; ClientID=2ad88395-b77d-4561-9441-d0e40824f9bc; RedirectUri=app://5d3e90d6-aa8e-48a8-8f2c-58b45cc67315;LoginPrompt=Never</sourceConnection>
  <targetConnection>Username=; Password=; Url=; AuthType=OAuth; RequireNewInstance=true; ClientID=2ad88395-b77d-4561-9441-d0e40824f9bc; RedirectUri=app://5d3e90d6-aa8e-48a8-8f2c-58b45cc67315;LoginPrompt=Never</targetConnection>
  <sourceFile>file://c:\temp\version1.crm</sourceFile>
  <targetFile>file://c:\temp\version1.crm</targetFile>
  <sdkMessageProcessingSteps>
    <string>Microsoft.Uii.Customization.Plugin.RestrictDataDuplicationPlugin: Update of uii_hostedapplication</string>
    <string>Microsoft.Uii.Customization.Plugin.RestrictDataDuplicationPlugin: Create of uii_hostedapplication</string>
    <string>Microsoft.Uii.Customization.Plugin.RestrictDataDuplicationPlugin: Create of uii_action</string>
    <string>Microsoft.Uii.Customization.Plugin.AddDefaultActionPlugin: Create of uii_hostedapplication</string>
    <string>Microsoft.Crm.UnifiedServiceDesk.Plugin.ActionManagement: Create of uii_hostedapplication</string>
    <string>Microsoft.Crm.UnifiedServiceDesk.Plugin.ActionManagement: Update of uii_hostedapplication</string>
    <string>Microsoft.Crm.UnifiedServiceDesk.Plugin.DefaultConfigurationManagement: Create of msdyusd_configuration</string>
    <string>Microsoft.Crm.UnifiedServiceDesk.Plugin.DefaultConfigurationManagement: Update of msdyusd_configuration</string>
    <string>Microsoft.Crm.UnifiedServiceDesk.Plugin.HostedApplicationPreStage: Create of uii_hostedapplication</string>
    <string>Microsoft.Crm.UnifiedServiceDesk.Plugin.HostedApplicationPreStage: Update of uii_hostedapplication</string>
  </sdkMessageProcessingSteps>
  <entities>
    <string>msdyusd_answer</string>
    <string>msdyusd_task</string>
    <string>msdyusd_agentscriptaction</string>
    <string>msdyusd_agentscripttaskcategory</string>
    <string>msdyusd_configuration</string>
    <string>msdyusd_search</string>
    <string>msdyusd_entitysearch</string>
    <string>msdyusd_uiievent</string>
    <string>msdyusd_entityassignment</string>
    <string>uii_hostedapplication</string>
    <string>msdyusd_scripttasktrigger</string>
    <string>msdyusd_scriptlet</string>
    <string>msdyusd_sessioninformation</string>
    <string>msdyusd_toolbarstrip</string>
    <string>msdyusd_toolbarbutton</string>
    <string>uii_action</string>
    <string>msdyusd_windowroute</string>
    <string>msdyusd_form</string>
    <string>msdyusd_customizationfiles</string>
  </entities>
  <notes>
    <string>msdyusd_customizationfiles</string>
  </notes>
  <tokens>
    <Token>
      <token>3623319!05/17/2018 18:45:31</token>
      <entity>msdyusd_answer</entity>
    </Token>
    <Token>
      <token>3623319!05/17/2018 18:45:31</token>
      <entity>msdyusd_task</entity>
    </Token>
    <Token>
      <token>3623319!05/17/2018 18:45:32</token>
      <entity>msdyusd_agentscriptaction</entity>
    </Token>
    <Token>
      <token>3623319!05/17/2018 18:45:32</token>
      <entity>msdyusd_agentscripttaskcategory</entity>
    </Token>
    <Token>
      <token>3623319!05/17/2018 18:45:33</token>
      <entity>msdyusd_entitysearch</entity>
    </Token>
    <Token>
      <token>3623319!05/17/2018 18:45:33</token>
      <entity>msdyusd_uiievent</entity>
    </Token>
    <Token>
      <token>3623319!05/17/2018 18:45:33</token>
      <entity>msdyusd_entityassignment</entity>
    </Token>
    <Token>
      <token>3623319!05/17/2018 18:45:33</token>
      <entity>uii_hostedapplication</entity>
    </Token>
    <Token>
      <token>3623319!05/17/2018 18:45:34</token>
      <entity>msdyusd_scriptlet</entity>
    </Token>
    <Token>
      <token>3623319!05/17/2018 18:45:34</token>
      <entity>msdyusd_sessioninformation</entity>
    </Token>
    <Token>
      <token>3623319!05/17/2018 18:45:34</token>
      <entity>msdyusd_toolbarstrip</entity>
    </Token>
    <Token>
      <token>3623319!05/17/2018 18:45:34</token>
      <entity>msdyusd_toolbarbutton</entity>
    </Token>
    <Token>
      <token>3623319!05/17/2018 18:45:35</token>
      <entity>uii_action</entity>
    </Token>
    <Token>
      <token>3623319!05/17/2018 18:45:37</token>
      <entity>msdyusd_windowroute</entity>
    </Token>
    <Token>
      <token>3623319!05/17/2018 18:45:37</token>
      <entity>msdyusd_form</entity>
    </Token>
    <Token>
      <token>3623319!05/17/2018 18:45:37</token>
      <entity>msdyusd_customizationfiles</entity>
    </Token>
  </tokens>
  <relationships>
    <M2MRelationship>
      <relationshipName>msdyusd_configuration_agentscript</relationshipName>
      <entity1Name>msdyusd_configuration</entity1Name>
      <entity1Id>msdyusd_configurationid</entity1Id>
      <entity2Name>msdyusd_task</entity2Name>
      <entity2Id>msdyusd_taskid</entity2Id>
    </M2MRelationship>
    <M2MRelationship>
      <relationshipName>msdyusd_configuration_entitysearch</relationshipName>
      <entity1Name>msdyusd_configuration</entity1Name>
      <entity1Id>msdyusd_configurationid</entity1Id>
      <entity2Name>msdyusd_entitysearch</entity2Name>
      <entity2Id>msdyusd_entitysearchid</entity2Id>
    </M2MRelationship>
    <M2MRelationship>
      <relationshipName>msdyusd_configuration_actioncalls</relationshipName>
      <entity1Name>msdyusd_configuration</entity1Name>
      <entity1Id>msdyusd_configurationid</entity1Id>
      <entity2Name>msdyusd_actioncalls</entity2Name>
      <entity2Id>msdyusd_actioncallsid</entity2Id>
    </M2MRelationship>
    <M2MRelationship>
      <relationshipName>msdyusd_configuration_event</relationshipName>
      <entity1Name>msdyusd_configuration</entity1Name>
      <entity1Id>msdyusd_configurationid</entity1Id>
      <entity2Name>msdyusd_uiievent</entity2Name>
      <entity2Id>msdyusd_uiieventid</entity2Id>
    </M2MRelationship>
    <M2MRelationship>
      <relationshipName>msdyusd_configuration_form</relationshipName>
      <entity1Name>msdyusd_configuration</entity1Name>
      <entity1Id>msdyusd_configurationid</entity1Id>
      <entity2Name>msdyusd_form</entity2Name>
      <entity2Id>msdyusd_formid</entity2Id>
    </M2MRelationship>
    <M2MRelationship>
      <relationshipName>msdyusd_configuration_hostedcontrol</relationshipName>
      <entity1Name>msdyusd_configuration</entity1Name>
      <entity1Id>msdyusd_configurationid</entity1Id>
      <entity2Name>msdyusd_hostedcontrol</entity2Name>
      <entity2Id>msdyusd_hostedcontrolid</entity2Id>
    </M2MRelationship>
    <M2MRelationship>
      <relationshipName>msdyusd_configuration_scriptlet</relationshipName>
      <entity1Name>msdyusd_configuration</entity1Name>
      <entity1Id>msdyusd_configurationid</entity1Id>
      <entity2Name>msdyusd_scriptlet</entity2Name>
      <entity2Id>msdyusd_scriptletid</entity2Id>
    </M2MRelationship>
    <M2MRelationship>
      <relationshipName>msdyusd_configuration_sessionlines</relationshipName>
      <entity1Name>msdyusd_configuration</entity1Name>
      <entity1Id>msdyusd_configurationid</entity1Id>
      <entity2Name>msdyusd_sessionlines</entity2Name>
      <entity2Id>msdyusd_sessionlinesid</entity2Id>
    </M2MRelationship>
    <M2MRelationship>
      <relationshipName>msdyusd_configuration_toolbar</relationshipName>
      <entity1Name>msdyusd_configuration</entity1Name>
      <entity1Id>msdyusd_configurationid</entity1Id>
      <entity2Name>msdyusd_toolbar</entity2Name>
      <entity2Id>msdyusd_toolbarid</entity2Id>
    </M2MRelationship>
    <M2MRelationship>
      <relationshipName>msdyusd_configuration_windowroute</relationshipName>
      <entity1Name>msdyusd_configuration</entity1Name>
      <entity1Id>msdyusd_configurationid</entity1Id>
      <entity2Name>msdyusd_windowroute</entity2Name>
      <entity2Id>msdyusd_windowrouteid</entity2Id>
    </M2MRelationship>
    <M2MRelationship>
      <relationshipName>msdyusd_customizationfiles_configuration</relationshipName>
      <entity1Name>msdyusd_configuration</entity1Name>
      <entity1Id>msdyusd_configurationid</entity1Id>
      <entity2Name>msdyusd_customizationfiles</entity2Name>
      <entity2Id>msdyusd_customizationfilesid</entity2Id>
    </M2MRelationship>
    <M2MRelationship>
      <relationshipName>msdyusd_answer_agentscriptaction</relationshipName>
      <entity1Name>msdyusd_answer</entity1Name>
      <entity1Id>msdyusd_answerid</entity1Id>
      <entity2Name>msdyusd_agentscriptaction</entity2Name>
      <entity2Id>msdyusd_agentscriptactionid</entity2Id>
    </M2MRelationship>
    <M2MRelationship>
      <relationshipName>msdyusd_subactioncalls</relationshipName>
      <entity1Name>msdyusd_agentscriptaction</entity1Name>
      <entity1Id>msdyusd_agentscriptactionidone</entity1Id>
      <entity2Name>msdyusd_agentscriptaction</entity2Name>
      <entity2Id>msdyusd_agentscriptactionidtwo</entity2Id>
    </M2MRelationship>
    <M2MRelationship>
      <relationshipName>msdyusd_task_agentscriptaction</relationshipName>
      <entity1Name>msdyusd_task</entity1Name>
      <entity1Id>msdyusd_taskid</entity1Id>
      <entity2Name>msdyusd_agentscriptaction</entity2Name>
      <entity2Id>msdyusd_agentscriptactionid</entity2Id>
    </M2MRelationship>
    <M2MRelationship>
      <relationshipName>msdyusd_toolbarbutton_agentscriptaction</relationshipName>
      <entity1Name>msdyusd_toolbarbutton</entity1Name>
      <entity1Id>msdyusd_toolbarbuttonid</entity1Id>
      <entity2Name>msdyusd_agentscriptaction</entity2Name>
      <entity2Id>msdyusd_agentscriptactionid</entity2Id>
    </M2MRelationship>
    <M2MRelationship>
      <relationshipName>msdyusd_uiievent_agentscriptaction</relationshipName>
      <entity1Name>msdyusd_uiievent</entity1Name>
      <entity1Id>msdyusd_uiieventid</entity1Id>
      <entity2Name>msdyusd_agentscriptaction</entity2Name>
      <entity2Id>msdyusd_agentscriptactionid</entity2Id>
    </M2MRelationship>
    <M2MRelationship>
      <relationshipName>msdyusd_windowroute_agentscriptaction</relationshipName>
      <entity1Name>msdyusd_windowroute</entity1Name>
      <entity1Id>msdyusd_windowrouteid</entity1Id>
      <entity2Name>msdyusd_agentscriptaction</entity2Name>
      <entity2Id>msdyusd_agentscriptactionid</entity2Id>
    </M2MRelationship>
    <M2MRelationship>
      <relationshipName>msdyusd_task_answer</relationshipName>
      <entity1Name>msdyusd_answer</entity1Name>
      <entity1Id>msdyusd_answerid</entity1Id>
      <entity2Name>msdyusd_task</entity2Name>
      <entity2Id>msdyusd_taskid</entity2Id>
    </M2MRelationship>
    <M2MRelationship>
      <relationshipName>msdyusd_windowroute_ctisearch</relationshipName>
      <entity1Name>msdyusd_windowroute</entity1Name>
      <entity1Id>msdyusd_windowrouteid</entity1Id>
      <entity2Name>msdyusd_ctisearch</entity2Name>
      <entity2Id>msdyusd_ctisearchid</entity2Id>
    </M2MRelationship>
    <M2MRelationship>
      <relationshipName>msdyusd_form_hostedapplication</relationshipName>
      <entity1Name>msdyusd_form</entity1Name>
      <entity1Id>msdyusd_formid</entity1Id>
      <entity2Name>uii_hostedapplication</entity2Name>
      <entity2Id>uii_hostedapplicationid</entity2Id>
    </M2MRelationship>
    <M2MRelationship>
      <relationshipName>msdyusd_toolbarstrip_uii_hostedapplication</relationshipName>
      <entity1Name>msdyusd_toolbarstrip</entity1Name>
      <entity1Id>msdyusd_toolbarstripid</entity1Id>
      <entity2Name>uii_hostedapplication</entity2Name>
      <entity2Id>uii_hostedapplicationid</entity2Id>
    </M2MRelationship>
  </relationships>
</CrmMap>