<?xml version="1.0" encoding="utf-8"?>
<CrmMap xmlns:xsi="http://www.w3.org/2001/XMLSchema-instance" xmlns:xsd="http://www.w3.org/2001/XMLSchema">
  <sourceConnection>Username=; Password=; Url=https://dvagov-commcare-int.crm9.dynamics.com; AuthType=OAuth; RequireNewInstance=true; ClientID=2ad88395-b77d-4561-9441-d0e40824f9bc; RedirectUri=app://5d3e90d6-aa8e-48a8-8f2c-58b45cc67315;LoginPrompt=Never</sourceConnection>
  <targetConnection>Username=; Password=; Url=https://dvagov-commcare.crm9.dynamics.com; AuthType=OAuth; RequireNewInstance=true; ClientID=2ad88395-b77d-4561-9441-d0e40824f9bc; RedirectUri=app://5d3e90d6-aa8e-48a8-8f2c-58b45cc67315;LoginPrompt=Never</targetConnection>
  <sourceFile>file://c:\temp\version1.crm</sourceFile>
  <targetFile>file://c:\temp\version1.crm</targetFile>
  <sdkMessageProcessingSteps />
  <entities>
    <string>bah_keyvaluepair</string>
    <string>uii_option</string>
    <string>mcs_setting</string>
    <string>mcs_ssoapplication</string>
    <string>mcs_ssoconfiguration</string>
    <string>north52_configuration</string> 
  </entities>
  <notes />
  <tokens>
    <Token>
      <token>3712258!05/18/2018 13:47:06</token>
      <entity>bah_keyvaluepair</entity>
    </Token>
    <Token>
      <token>3712258!05/18/2018 13:47:07</token>
      <entity>uii_option</entity>
    </Token>
    <Token>
      <token>3712258!05/18/2018 13:47:07</token>
      <entity>mcs_setting</entity>
    </Token>
    <Token>
      <token>3712258!05/18/2018 13:47:07</token>
      <entity>mcs_ssoapplication</entity>
    </Token>
    <Token>
      <token>3712258!05/18/2018 13:47:07</token>
      <entity>mcs_ssoconfiguration</entity>
    </Token>
  </tokens>
  <relationships />
</CrmMap>