<ImportExportXml xmlns:xsi="http://www.w3.org/2001/XMLSchema-instance">
  <Entities></Entities>
  <Roles></Roles>
  <Workflows></Workflows>
  <FieldSecurityProfiles></FieldSecurityProfiles>
  <Templates />
  <EntityMaps />
  <EntityRelationships />
  <OrganizationSettings />
  <optionsets />
  <WebResources>
    <WebResource>
      <WebResourceId>{076ba31b-1f7a-e811-9478-0050568df261}</WebResourceId>
      <Name>udo_claimestablishment_onload.js</Name>
      <DisplayName>udo_claimestablishment_onload.js</DisplayName>
      <LanguageCode>1033</LanguageCode>
      <WebResourceType>3</WebResourceType>
      <IntroducedVersion>1.0.0.0</IntroducedVersion>
      <IsEnabledForMobileClient>0</IsEnabledForMobileClient>
      <IsAvailableForMobileOffline>0</IsAvailableForMobileOffline>
      <IsCustomizable>1</IsCustomizable>
      <CanBeDeleted>1</CanBeDeleted>
      <IsHidden>0</IsHidden>
      <FileName>/WebResources/udo_claimestablishment_onloadjs076BA31B-1F7A-E811-9478-0050568DF261</FileName>
    </WebResource>
  </WebResources>
  <Languages>
    <Language>1033</Language>
  </Languages>
</ImportExportXml>