<ImportExportXml xmlns:xsi="http://www.w3.org/2001/XMLSchema-instance">
  <Entities></Entities>
  <Roles></Roles>
  <Workflows></Workflows>
  <FieldSecurityProfiles></FieldSecurityProfiles>
  <Templates />
  <EntityMaps />
  <EntityRelationships />
  <OrganizationSettings />
  <optionsets />
  <WebResources>
    <WebResource>
      <WebResourceId>{4706db61-ba34-e611-9442-0050568df261}</WebResourceId>
      <Name>udo_embeddedbutton.html</Name>
      <DisplayName>udo_embeddedbutton.html</DisplayName>
      <Description>The HTML web resource for a support on form button that binds using udo_embeddedbutton.js</Description>
      <WebResourceType>1</WebResourceType>
      <IntroducedVersion>1.2.48.1</IntroducedVersion>
      <IsEnabledForMobileClient>0</IsEnabledForMobileClient>
      <IsAvailableForMobileOffline>0</IsAvailableForMobileOffline>
      <IsCustomizable>1</IsCustomizable>
      <CanBeDeleted>1</CanBeDeleted>
      <IsHidden>0</IsHidden>
      <FileName>/WebResources/udo_embeddedbuttonhtml4706DB61-BA34-E611-9442-0050568DF261</FileName>
    </WebResource>
    <WebResource>
      <WebResourceId>{efe808b0-ba34-e611-9442-0050568df261}</WebResourceId>
      <Name>udo_embeddedbutton.js</Name>
      <DisplayName>udo_embeddedbutton.js</DisplayName>
      <Description>This should be used with udo_embeddedbutton.html as the html webresource button.  It is not a placeholder for html replacement, but instead a button that gets embedded.</Description>
      <WebResourceType>3</WebResourceType>
      <IntroducedVersion>1.2.48.1</IntroducedVersion>
      <IsEnabledForMobileClient>0</IsEnabledForMobileClient>
      <IsAvailableForMobileOffline>0</IsAvailableForMobileOffline>
      <IsCustomizable>1</IsCustomizable>
      <CanBeDeleted>1</CanBeDeleted>
      <IsHidden>0</IsHidden>
      <FileName>/WebResources/udo_embeddedbuttonjsEFE808B0-BA34-E611-9442-0050568DF261</FileName>
    </WebResource>
  </WebResources>
  <Languages>
    <Language>1033</Language>
  </Languages>
</ImportExportXml>