<ImportExportXml xmlns:xsi="http://www.w3.org/2001/XMLSchema-instance">
  <Entities></Entities>
  <Roles></Roles>
  <Workflows></Workflows>
  <FieldSecurityProfiles></FieldSecurityProfiles>
  <Templates />
  <EntityMaps />
  <EntityRelationships />
  <OrganizationSettings />
  <optionsets />
  <WebResources>
    <WebResource>
      <WebResourceId>{d3b59b04-014c-e511-944f-00155d049efa}</WebResourceId>
      <Name>udo_appealOpen.html</Name>
      <DisplayName>udo_appealOpen.html</DisplayName>
      <WebResourceType>1</WebResourceType>
      <IntroducedVersion>2015.08.26.01</IntroducedVersion>
      <IsEnabledForMobileClient>0</IsEnabledForMobileClient>
      <IsAvailableForMobileOffline>0</IsAvailableForMobileOffline>
      <IsCustomizable>1</IsCustomizable>
      <CanBeDeleted>1</CanBeDeleted>
      <IsHidden>0</IsHidden>
      <FileName>/WebResources/udo_appealOpenhtmlD3B59B04-014C-E511-944F-00155D049EFA</FileName>
    </WebResource>
    <WebResource>
      <WebResourceId>{b0bb7269-014c-e511-944f-00155d049efa}</WebResourceId>
      <Name>udo_appealPendingDROElection.html</Name>
      <DisplayName>udo_appealPendingDROElection.html</DisplayName>
      <WebResourceType>1</WebResourceType>
      <IntroducedVersion>2015.08.26.01</IntroducedVersion>
      <IsEnabledForMobileClient>0</IsEnabledForMobileClient>
      <IsAvailableForMobileOffline>0</IsAvailableForMobileOffline>
      <IsCustomizable>1</IsCustomizable>
      <CanBeDeleted>1</CanBeDeleted>
      <IsHidden>0</IsHidden>
      <FileName>/WebResources/udo_appealPendingDROElectionhtmlB0BB7269-014C-E511-944F-00155D049EFA</FileName>
    </WebResource>
    <WebResource>
      <WebResourceId>{22a8fbd2-014c-e511-944f-00155d049efa}</WebResourceId>
      <Name>udo_appealPendingTraditionalReviewElection.html</Name>
      <DisplayName>udo_appealPendingTraditionalReviewElection.html</DisplayName>
      <WebResourceType>1</WebResourceType>
      <IntroducedVersion>2015.08.26.01</IntroducedVersion>
      <IsEnabledForMobileClient>0</IsEnabledForMobileClient>
      <IsAvailableForMobileOffline>0</IsAvailableForMobileOffline>
      <IsCustomizable>1</IsCustomizable>
      <CanBeDeleted>1</CanBeDeleted>
      <IsHidden>0</IsHidden>
      <FileName>/WebResources/udo_appealPendingTraditionalReviewElectionhtml22A8FBD2-014C-E511-944F-00155D049EFA</FileName>
    </WebResource>
    <WebResource>
      <WebResourceId>{4be5c60d-024c-e511-944f-00155d049efa}</WebResourceId>
      <Name>udo_appeals.html</Name>
      <DisplayName>udo_appeals.html</DisplayName>
      <WebResourceType>1</WebResourceType>
      <IntroducedVersion>2015.08.26.01</IntroducedVersion>
      <IsEnabledForMobileClient>0</IsEnabledForMobileClient>
      <IsAvailableForMobileOffline>0</IsAvailableForMobileOffline>
      <IsCustomizable>1</IsCustomizable>
      <CanBeDeleted>1</CanBeDeleted>
      <IsHidden>0</IsHidden>
      <FileName>/WebResources/udo_appealshtml4BE5C60D-024C-E511-944F-00155D049EFA</FileName>
    </WebResource>
    <WebResource>
      <WebResourceId>{dd9be15c-b84c-e511-9450-00155d049efa}</WebResourceId>
      <Name>udo_appealSmart.html</Name>
      <DisplayName>udo_appealSmart.html</DisplayName>
      <WebResourceType>1</WebResourceType>
      <IntroducedVersion>2015.08.26.01</IntroducedVersion>
      <IsEnabledForMobileClient>0</IsEnabledForMobileClient>
      <IsAvailableForMobileOffline>0</IsAvailableForMobileOffline>
      <IsCustomizable>1</IsCustomizable>
      <CanBeDeleted>1</CanBeDeleted>
      <IsHidden>0</IsHidden>
      <FileName>/WebResources/udo_appealSmarthtmlDD9BE15C-B84C-E511-9450-00155D049EFA</FileName>
    </WebResource>
    <WebResource>
      <WebResourceId>{1a38374e-db34-e711-945a-0050568df261}</WebResourceId>
      <Name>udo_customactionloading</Name>
      <DisplayName>CustomActionLoading</DisplayName>
      <WebResourceType>1</WebResourceType>
      <IntroducedVersion>1.0.0.0</IntroducedVersion>
      <IsEnabledForMobileClient>0</IsEnabledForMobileClient>
      <IsAvailableForMobileOffline>0</IsAvailableForMobileOffline>
      <IsCustomizable>1</IsCustomizable>
      <CanBeDeleted>1</CanBeDeleted>
      <IsHidden>0</IsHidden>
      <FileName>/WebResources/udo_customactionloading1A38374E-DB34-E711-945A-0050568DF261</FileName>
    </WebResource>
  </WebResources>
  <Languages>
    <Language>1033</Language>
  </Languages>
</ImportExportXml>