<ImportExportXml version="9.0.2.3034" SolutionPackageVersion="9.0" languagecode="1033" generatedBy="OnPremise" xmlns:xsi="http://www.w3.org/2001/XMLSchema-instance">
  <SolutionManifest>
    <UniqueName>UDOD365Plugins</UniqueName>
    <LocalizedNames>
      <LocalizedName description="UDO D365 Plugins" languagecode="1033" />
    </LocalizedNames>
    <Descriptions>
      <Description description="Solution for all UDO Custom Actions Plugins." languagecode="1033" />
    </Descriptions>
    <Version>2019.04.08.03</Version>
    <Managed>0</Managed>
    <Publisher>
      <UniqueName>microsoftconsultingservices</UniqueName>
      <LocalizedNames>
        <LocalizedName description="Microsoft Consulting Services" languagecode="1033" />
      </LocalizedNames>
      <Descriptions />
      <EMailAddress xsi:nil="true"></EMailAddress>
      <SupportingWebsiteUrl xsi:nil="true"></SupportingWebsiteUrl>
      <CustomizationPrefix>udo</CustomizationPrefix>
      <CustomizationOptionValuePrefix>75228</CustomizationOptionValuePrefix>
      <Addresses>
        <Address>
          <AddressNumber>1</AddressNumber>
          <AddressTypeCode>1</AddressTypeCode>
          <City xsi:nil="true"></City>
          <County xsi:nil="true"></County>
          <Country xsi:nil="true"></Country>
          <Fax xsi:nil="true"></Fax>
          <FreightTermsCode xsi:nil="true"></FreightTermsCode>
          <ImportSequenceNumber xsi:nil="true"></ImportSequenceNumber>
          <Latitude xsi:nil="true"></Latitude>
          <Line1 xsi:nil="true"></Line1>
          <Line2 xsi:nil="true"></Line2>
          <Line3 xsi:nil="true"></Line3>
          <Longitude xsi:nil="true"></Longitude>
          <Name xsi:nil="true"></Name>
          <PostalCode xsi:nil="true"></PostalCode>
          <PostOfficeBox xsi:nil="true"></PostOfficeBox>
          <PrimaryContactName xsi:nil="true"></PrimaryContactName>
          <ShippingMethodCode>1</ShippingMethodCode>
          <StateOrProvince xsi:nil="true"></StateOrProvince>
          <Telephone1 xsi:nil="true"></Telephone1>
          <Telephone2 xsi:nil="true"></Telephone2>
          <Telephone3 xsi:nil="true"></Telephone3>
          <TimeZoneRuleVersionNumber xsi:nil="true"></TimeZoneRuleVersionNumber>
          <UPSZone xsi:nil="true"></UPSZone>
          <UTCOffset xsi:nil="true"></UTCOffset>
          <UTCConversionTimeZoneCode xsi:nil="true"></UTCConversionTimeZoneCode>
        </Address>
        <Address>
          <AddressNumber>2</AddressNumber>
          <AddressTypeCode>1</AddressTypeCode>
          <City xsi:nil="true"></City>
          <County xsi:nil="true"></County>
          <Country xsi:nil="true"></Country>
          <Fax xsi:nil="true"></Fax>
          <FreightTermsCode xsi:nil="true"></FreightTermsCode>
          <ImportSequenceNumber xsi:nil="true"></ImportSequenceNumber>
          <Latitude xsi:nil="true"></Latitude>
          <Line1 xsi:nil="true"></Line1>
          <Line2 xsi:nil="true"></Line2>
          <Line3 xsi:nil="true"></Line3>
          <Longitude xsi:nil="true"></Longitude>
          <Name xsi:nil="true"></Name>
          <PostalCode xsi:nil="true"></PostalCode>
          <PostOfficeBox xsi:nil="true"></PostOfficeBox>
          <PrimaryContactName xsi:nil="true"></PrimaryContactName>
          <ShippingMethodCode>1</ShippingMethodCode>
          <StateOrProvince xsi:nil="true"></StateOrProvince>
          <Telephone1 xsi:nil="true"></Telephone1>
          <Telephone2 xsi:nil="true"></Telephone2>
          <Telephone3 xsi:nil="true"></Telephone3>
          <TimeZoneRuleVersionNumber xsi:nil="true"></TimeZoneRuleVersionNumber>
          <UPSZone xsi:nil="true"></UPSZone>
          <UTCOffset xsi:nil="true"></UTCOffset>
          <UTCConversionTimeZoneCode xsi:nil="true"></UTCConversionTimeZoneCode>
        </Address>
      </Addresses>
    </Publisher>
    <RootComponents>
      <RootComponent type="29" id="{0347e87b-f7f7-45d4-9be4-afa1082a15be}" behavior="0" />
      <RootComponent type="29" id="{05889d6e-8926-4831-b61c-4b3b27e56d0e}" behavior="0" />
      <RootComponent type="29" id="{07a40642-a74f-47bf-8d7d-55e01ffb329d}" behavior="0" />
      <RootComponent type="29" id="{09fad693-e7eb-4481-851a-a781ce2a6fb3}" behavior="0" />
      <RootComponent type="29" id="{0f45c91d-8bfd-4c24-9489-de997a041b12}" behavior="0" />
      <RootComponent type="29" id="{10573dcb-772d-4a9a-a112-7bfdefac30df}" behavior="0" />
      <RootComponent type="29" id="{17fca732-f47a-4275-aa3c-d4f6ba09a7b4}" behavior="0" />
      <RootComponent type="29" id="{19f64914-25d5-41e1-8ae4-b24f89e1fb54}" behavior="0" />
      <RootComponent type="29" id="{26e48522-2e6f-4d34-882d-ec2528aded00}" behavior="0" />
      <RootComponent type="29" id="{27e4bdf2-e3c9-4bbc-8c87-0eceb8a20b95}" behavior="0" />
      <RootComponent type="29" id="{2ac15880-8cf5-4799-a1e1-41590ea625cb}" behavior="0" />
      <RootComponent type="29" id="{2df0896f-bc33-4ba4-9886-ae71385a9a62}" behavior="0" />
      <RootComponent type="29" id="{31260ceb-f7df-4d5a-ab36-32882e01a8c2}" behavior="0" />
      <RootComponent type="29" id="{31944fa8-dfce-4b7c-80d6-6609cdf267e2}" behavior="0" />
      <RootComponent type="29" id="{31d71443-7bfa-437e-8cb2-2102ad6351df}" behavior="0" />
      <RootComponent type="29" id="{3917ea91-8ce8-49da-b48f-2e13a616bd48}" behavior="0" />
      <RootComponent type="29" id="{39b6fa08-691c-454e-aa59-cefedd511110}" behavior="0" />
      <RootComponent type="29" id="{51648b23-c219-4030-8bea-6b0dffcade4d}" behavior="0" />
      <RootComponent type="29" id="{520edc39-80bf-4090-a12b-49052d53e4e6}" behavior="0" />
      <RootComponent type="29" id="{5bac23e1-3639-4143-92b1-8a5683689ee4}" behavior="0" />
      <RootComponent type="29" id="{5da6a16c-bbb0-4389-bbdb-56854d4a957b}" behavior="0" />
      <RootComponent type="29" id="{5f1cade2-5d20-4669-8abb-78fefd1897cd}" behavior="0" />
      <RootComponent type="29" id="{60f5aa1a-c32d-47ce-9a97-1bc30ee030de}" behavior="0" />
      <RootComponent type="29" id="{66328fe0-0f47-4395-b770-888644af47e0}" behavior="0" />
      <RootComponent type="29" id="{677bd612-2bbe-4aa3-8a7b-621cc042fe6b}" behavior="0" />
      <RootComponent type="29" id="{677e9afa-dcde-4eda-9275-e8c6352b4d7d}" behavior="0" />
      <RootComponent type="29" id="{6e3834e4-023d-4964-b1fe-e13744dcf2cb}" behavior="0" />
      <RootComponent type="29" id="{7022ff51-9769-4e48-a232-5657cf7ab74b}" behavior="0" />
      <RootComponent type="29" id="{756a29d0-a4a2-4291-984a-e087a74f6bad}" behavior="0" />
      <RootComponent type="29" id="{802d7cbd-7cd4-4e32-a43c-cfceaf8fa56e}" behavior="0" />
      <RootComponent type="29" id="{84ffc146-91f9-47ad-bca7-77c0543b0508}" behavior="0" />
      <RootComponent type="29" id="{868f69a0-6edc-4b3c-ab24-d573a0156e08}" behavior="0" />
      <RootComponent type="29" id="{87309d72-0946-4680-98f3-41256b353727}" behavior="0" />
      <RootComponent type="29" id="{92272597-07a6-47c0-8105-179bcafd60b2}" behavior="0" />
      <RootComponent type="29" id="{941c5e59-5e30-46cc-87da-9f18e5a16ed3}" behavior="0" />
      <RootComponent type="29" id="{a0ab3f1a-247a-4942-9b59-625a8db1bfb1}" behavior="0" />
      <RootComponent type="29" id="{a204a3e7-ca1d-4209-bf53-fa8418a10e1d}" behavior="0" />
      <RootComponent type="29" id="{a7d9c867-e403-4886-9ec9-a14e87b96489}" behavior="0" />
      <RootComponent type="29" id="{aef1e7fe-af54-4a49-89d9-39c6da78774a}" behavior="0" />
      <RootComponent type="29" id="{b8caec1c-099b-4498-9596-12728b4f6b72}" behavior="0" />
      <RootComponent type="29" id="{b8db76ad-27d9-4245-b69e-7dbc80dc1311}" behavior="0" />
      <RootComponent type="29" id="{c6668621-4743-4b11-b7f0-c8893c54ce88}" behavior="0" />
      <RootComponent type="29" id="{c7766160-715f-4a8f-83cf-5a6bfc7e23ed}" behavior="0" />
      <RootComponent type="29" id="{c783f3de-8ad1-4e71-8204-6a8c7245a5f6}" behavior="0" />
      <RootComponent type="29" id="{c9f92d1a-2081-4d92-b64e-4e88b366a420}" behavior="0" />
      <RootComponent type="29" id="{ca52eff4-5b80-480b-b9b0-e67a78d15d04}" behavior="0" />
      <RootComponent type="29" id="{d7a9a0e2-1237-4dcf-9b1e-a3dd2998fa6f}" behavior="0" />
      <RootComponent type="29" id="{ddd83f45-0f65-4bd8-a71d-f2367ab5fbbf}" behavior="0" />
      <RootComponent type="29" id="{e5047efb-0555-4b29-8840-2a3ae09ba8aa}" behavior="0" />
      <RootComponent type="29" id="{e801a547-a90c-4a88-a751-26075668f483}" behavior="0" />
      <RootComponent type="29" id="{f4f09fc1-2ffd-4b22-b1cc-a83e25fd3a6d}" behavior="0" />
      <RootComponent type="29" id="{f7dd1510-b3de-414b-815d-a66d29caca12}" behavior="0" />
      <RootComponent type="29" id="{f9a86350-e279-4d6f-b1bd-bc5fe099d7b9}" behavior="0" />
      <RootComponent type="29" id="{faaf2ecc-d57e-4265-920b-1311af32b1ff}" behavior="0" />
      <RootComponent type="29" id="{fbea41f0-fb13-4087-9c1b-fc21379daafd}" behavior="0" />
      <RootComponent type="91" id="{741f1040-607d-4ca6-8192-f9e82ea622ca}" schemaName="CADDPlugins, Version=1.0.7065.909, Culture=neutral, PublicKeyToken=77c4455d421a8f9d" behavior="0" />
      <RootComponent type="91" id="{51a6529b-fac9-47af-8f3d-b1e19900a021}" schemaName="eBenefitsPlugin, Version=1.0.0.0, Culture=neutral, PublicKeyToken=0c280195578c9be6" behavior="0" />
      <RootComponent type="91" id="{86708d53-f998-4179-8672-97f55cac32a6}" schemaName="NotesPlugins, Version=1.0.7065.909, Culture=neutral, PublicKeyToken=46f377a2cbfe91b0" behavior="0" />
      <RootComponent type="91" id="{8c542a2d-f3b5-4c8f-b544-74ddc74ee0de}" schemaName="ServiceRequestsPlugins1, Version=0.0.0.0, Culture=neutral, PublicKeyToken=14324153ab2ad372" behavior="0" />
      <RootComponent type="91" id="{ecd809f5-90a0-4ba0-8a84-4eb6984398f2}" schemaName="UDO.CustomActions.Plugins, Version=1.0.0.0, Culture=neutral, PublicKeyToken=fc5dd85bb379c665" behavior="0" />
      <RootComponent type="91" id="{2dee81a2-ec70-4eba-8404-5a9a35c85d23}" schemaName="Va.Udo.Crm.Chat.Plugins, Version=1.0.7065.909, Culture=neutral, PublicKeyToken=eb9daa584e61095e" behavior="0" />
      <RootComponent type="91" id="{6670697c-dadd-41fd-b915-4970ba6b139f}" schemaName="Va.Udo.Crm.Letters.Plugins, Version=1.0.7065.909, Culture=neutral, PublicKeyToken=cde776cfa113f1d9" behavior="0" />
      <RootComponent type="91" id="{f9372237-e1ab-4dec-820e-7abba87e6809}" schemaName="Va.Udo.Crm.PCT.Plugins, Version=1.0.7065.656, Culture=neutral, PublicKeyToken=ec052d281bb05f9c" behavior="0" />
      <RootComponent type="91" id="{cf4dc22b-c9ae-4429-9937-bc11f0cf0a49}" schemaName="Va.Udo.Crm.Request.Plugins, Version=1.0.7065.656, Culture=neutral, PublicKeyToken=ec052d281bb05f9c" behavior="0" />
      <RootComponent type="91" id="{6fa056d7-392e-427c-9189-9c40d42e467d}" schemaName="Va.Udo.Crm.SSRS, Version=1.0.7065.924, Culture=neutral, PublicKeyToken=ed154a445bd3618d" behavior="0" />
      <RootComponent type="91" id="{330f8ba3-66bf-41e0-85b2-c517b9936e7e}" schemaName="Va.Udo.Crm.UserTool.Plugins, Version=1.0.7065.925, Culture=neutral, PublicKeyToken=94683cfe48bf5e38" behavior="0" />
      <RootComponent type="91" id="{b84dd664-c4ff-40ad-a964-bdb29e039472}" schemaName="VRM.CRME.Plugin.DependentMaintenance, Version=0.0.0.0, Culture=neutral, PublicKeyToken=ef871256cce433f3" behavior="0" />
      <RootComponent type="91" id="{a7e8458f-bd02-40de-92a9-b6eb73c4616d}" schemaName="VRM.Integration.UDO.VBMS.Plugins, Version=1.0.7065.924, Culture=neutral, PublicKeyToken=63be43d8cefed516" behavior="0" />
      <RootComponent type="92" id="{00fbcbbe-8051-e911-a992-000d3a05c4f0}" behavior="0" />
      <RootComponent type="92" id="{02f09b3a-8251-e911-a992-000d3a05c4f0}" behavior="0" />
      <RootComponent type="92" id="{04f9c279-8251-e911-a992-000d3a05c4f0}" behavior="0" />
      <RootComponent type="92" id="{061fb6e9-8051-e911-a992-000d3a05c4f0}" behavior="0" />
      <RootComponent type="92" id="{08990c94-8251-e911-a992-000d3a05c4f0}" behavior="0" />
      <RootComponent type="92" id="{0efe9592-8051-e911-a992-000d3a05c4f0}" behavior="0" />
      <RootComponent type="92" id="{16e12489-cd3a-e911-a985-000d3a05c4f0}" behavior="0" />
      <RootComponent type="92" id="{1700fd8e-d83a-e911-a985-000d3a05c4f0}" behavior="0" />
      <RootComponent type="92" id="{196b3e0c-8151-e911-a992-000d3a05c4f0}" behavior="0" />
      <RootComponent type="92" id="{1b053591-1370-e911-a99d-000d3a05c4f0}" behavior="0" />
      <RootComponent type="92" id="{2068a371-8251-e911-a992-000d3a05c4f0}" behavior="0" />
      <RootComponent type="92" id="{21dc65ed-8351-e911-a992-000d3a05c4f0}" behavior="0" />
      <RootComponent type="92" id="{23b77701-8151-e911-a992-000d3a05c4f0}" behavior="0" />
      <RootComponent type="92" id="{289f611c-8451-e911-a992-000d3a05c4f0}" behavior="0" />
      <RootComponent type="92" id="{28ee7a87-805c-e911-a993-000d3a05c4f0}" behavior="0" />
      <RootComponent type="92" id="{2bee7e9c-8251-e911-a992-000d3a05c4f0}" behavior="0" />
      <RootComponent type="92" id="{2d0a4e00-8351-e911-a992-000d3a05c4f0}" behavior="0" />
      <RootComponent type="92" id="{32ec1416-d63a-e911-a985-000d3a05c4f0}" behavior="0" />
      <RootComponent type="92" id="{386c1268-8251-e911-a992-000d3a05c4f0}" behavior="0" />
      <RootComponent type="92" id="{387d67f1-1370-e911-a99d-000d3a05c4f0}" behavior="0" />
      <RootComponent type="92" id="{390de875-d33a-e911-a985-000d3a05c4f0}" behavior="0" />
      <RootComponent type="92" id="{39e6c676-c56d-e911-a99c-000d3a05c4f0}" behavior="0" />
      <RootComponent type="92" id="{3a69c530-eb6d-e911-a99c-000d3a05c4f0}" behavior="0" />
      <RootComponent type="92" id="{3a9768f4-8051-e911-a992-000d3a05c4f0}" behavior="0" />
      <RootComponent type="92" id="{43f89614-5240-e911-a98a-000d3a05c4f0}" behavior="0" />
      <RootComponent type="92" id="{44c27d52-d63a-e911-a985-000d3a05c4f0}" behavior="0" />
      <RootComponent type="92" id="{45fcc908-2e47-e911-a992-000d3a05c4f0}" behavior="0" />
      <RootComponent type="92" id="{46074cca-d23a-e911-a985-000d3a05c4f0}" behavior="0" />
      <RootComponent type="92" id="{49c58bb5-8051-e911-a992-000d3a05c4f0}" behavior="0" />
      <RootComponent type="92" id="{51a32af0-d53a-e911-a985-000d3a05c4f0}" behavior="0" />
      <RootComponent type="92" id="{536739ef-ca3a-e911-a985-000d3a05c4f0}" behavior="0" />
      <RootComponent type="92" id="{55bdcac8-8251-e911-a992-000d3a05c4f0}" behavior="0" />
      <RootComponent type="92" id="{57283386-7e5c-e911-a993-000d3a05c4f0}" behavior="0" />
      <RootComponent type="92" id="{58f3b864-2d47-e911-a992-000d3a05c4f0}" behavior="0" />
      <RootComponent type="92" id="{5928190c-8451-e911-a992-000d3a05c4f0}" behavior="0" />
      <RootComponent type="92" id="{595e8651-8251-e911-a992-000d3a05c4f0}" behavior="0" />
      <RootComponent type="92" id="{5b080322-1370-e911-a99d-000d3a05c4f0}" behavior="0" />
      <RootComponent type="92" id="{5d4512cc-8051-e911-a992-000d3a05c4f0}" behavior="0" />
      <RootComponent type="92" id="{5ea53cdd-8051-e911-a992-000d3a05c4f0}" behavior="0" />
      <RootComponent type="92" id="{6312c7f1-eb6d-e911-a99c-000d3a05c4f0}" behavior="0" />
      <RootComponent type="92" id="{66644149-d43a-e911-a985-000d3a05c4f0}" behavior="0" />
      <RootComponent type="92" id="{66f21512-eb6d-e911-a99c-000d3a05c4f0}" behavior="0" />
      <RootComponent type="92" id="{6749a7c5-8351-e911-a992-000d3a05c4f0}" behavior="0" />
      <RootComponent type="92" id="{6bc3b214-8451-e911-a992-000d3a05c4f0}" behavior="0" />
      <RootComponent type="92" id="{6e8f7b43-1470-e911-a99d-000d3a05c4f0}" behavior="0" />
      <RootComponent type="92" id="{7076809e-1370-e911-a99d-000d3a05c4f0}" behavior="0" />
      <RootComponent type="92" id="{71669880-7a46-e911-a991-000d3a05c4f0}" behavior="0" />
      <RootComponent type="92" id="{73c4ce83-8251-e911-a992-000d3a05c4f0}" behavior="0" />
      <RootComponent type="92" id="{74bb4918-2e47-e911-a992-000d3a05c4f0}" behavior="0" />
      <RootComponent type="92" id="{776667df-8251-e911-a992-000d3a05c4f0}" behavior="0" />
      <RootComponent type="92" id="{783f6bd9-8351-e911-a992-000d3a05c4f0}" behavior="0" />
      <RootComponent type="92" id="{79133fef-d23a-e911-a985-000d3a05c4f0}" behavior="0" />
      <RootComponent type="92" id="{7b6a50e4-8351-e911-a992-000d3a05c4f0}" behavior="0" />
      <RootComponent type="92" id="{7b96c5b9-8151-e911-a992-000d3a05c4f0}" behavior="0" />
      <RootComponent type="92" id="{7d470604-8451-e911-a992-000d3a05c4f0}" behavior="0" />
      <RootComponent type="92" id="{7d57c056-8151-e911-a992-000d3a05c4f0}" behavior="0" />
      <RootComponent type="92" id="{7fdac52b-1370-e911-a99d-000d3a05c4f0}" behavior="0" />
      <RootComponent type="92" id="{80617f2c-8451-e911-a992-000d3a05c4f0}" behavior="0" />
      <RootComponent type="92" id="{80a7fe2e-d63a-e911-a985-000d3a05c4f0}" behavior="0" />
      <RootComponent type="92" id="{82caf0c2-eb6d-e911-a99c-000d3a05c4f0}" behavior="0" />
      <RootComponent type="92" id="{87ac3c62-d63a-e911-a985-000d3a05c4f0}" behavior="0" />
      <RootComponent type="92" id="{8cda0125-8451-e911-a992-000d3a05c4f0}" behavior="0" />
      <RootComponent type="92" id="{97c70e23-8251-e911-a992-000d3a05c4f0}" behavior="0" />
      <RootComponent type="92" id="{9bf6909f-8151-e911-a992-000d3a05c4f0}" behavior="0" />
      <RootComponent type="92" id="{9e7ac36a-805c-e911-a993-000d3a05c4f0}" behavior="0" />
      <RootComponent type="92" id="{a76dd713-1370-e911-a99d-000d3a05c4f0}" behavior="0" />
      <RootComponent type="92" id="{ab484cf3-8151-e911-a992-000d3a05c4f0}" behavior="0" />
      <RootComponent type="92" id="{b077f5a4-1370-e911-a99d-000d3a05c4f0}" behavior="0" />
      <RootComponent type="92" id="{b297c709-cc3a-e911-a985-000d3a05c4f0}" behavior="0" />
      <RootComponent type="92" id="{b2e084d0-8351-e911-a992-000d3a05c4f0}" behavior="0" />
      <RootComponent type="92" id="{b3cb69cd-2c47-e911-a992-000d3a05c4f0}" behavior="0" />
      <RootComponent type="92" id="{b77d39c9-7b46-e911-a991-000d3a05c4f0}" behavior="0" />
      <RootComponent type="92" id="{b77d6718-8251-e911-a992-000d3a05c4f0}" behavior="0" />
      <RootComponent type="92" id="{b82a93f8-8351-e911-a992-000d3a05c4f0}" behavior="0" />
      <RootComponent type="92" id="{b8373345-ca3a-e911-a985-000d3a05c4f0}" behavior="0" />
      <RootComponent type="92" id="{b9b81344-8251-e911-a992-000d3a05c4f0}" behavior="0" />
      <RootComponent type="92" id="{c294b1b2-c56d-e911-a99c-000d3a05c4f0}" behavior="0" />
      <RootComponent type="92" id="{cae86440-eb6d-e911-a99c-000d3a05c4f0}" behavior="0" />
      <RootComponent type="92" id="{d157c407-8351-e911-a992-000d3a05c4f0}" behavior="0" />
      <RootComponent type="92" id="{d2e1dc6b-8151-e911-a992-000d3a05c4f0}" behavior="0" />
      <RootComponent type="92" id="{d2f131a9-8051-e911-a992-000d3a05c4f0}" behavior="0" />
      <RootComponent type="92" id="{d373e544-805c-e911-a993-000d3a05c4f0}" behavior="0" />
      <RootComponent type="92" id="{d6103864-d43a-e911-a985-000d3a05c4f0}" behavior="0" />
      <RootComponent type="92" id="{d9269ef7-8251-e911-a992-000d3a05c4f0}" behavior="0" />
      <RootComponent type="92" id="{db9108a9-8151-e911-a992-000d3a05c4f0}" behavior="0" />
      <RootComponent type="92" id="{dc32a0a7-8251-e911-a992-000d3a05c4f0}" behavior="0" />
      <RootComponent type="92" id="{e1903c4c-8151-e911-a992-000d3a05c4f0}" behavior="0" />
      <RootComponent type="92" id="{e197ff4f-d33a-e911-a985-000d3a05c4f0}" behavior="0" />
      <RootComponent type="92" id="{e4810262-8151-e911-a992-000d3a05c4f0}" behavior="0" />
      <RootComponent type="92" id="{e4ad5295-8151-e911-a992-000d3a05c4f0}" behavior="0" />
      <RootComponent type="92" id="{eb906e4a-cd3a-e911-a985-000d3a05c4f0}" behavior="0" />
      <RootComponent type="92" id="{f1e6131d-a846-e911-a991-000d3a05c4f0}" behavior="0" />
      <RootComponent type="92" id="{f2ca8fc9-2d47-e911-a992-000d3a05c4f0}" behavior="0" />
      <RootComponent type="92" id="{ffc0efec-8251-e911-a992-000d3a05c4f0}" behavior="0" />
    </RootComponents>
    <MissingDependencies>
      <MissingDependency>
        <Required key="0" type="1" schemaName="udo_servicerequest" displayName="Service Request" solution="Active" />
        <Dependent key="1" type="29" displayName="udo_GenerateServiceRequest" id="{87309d72-0946-4680-98f3-41256b353727}" />
      </MissingDependency>
      <MissingDependency>
        <Required key="2" type="1" schemaName="udo_note" displayName="Note" solution="Active" />
        <Dependent key="3" type="93" id="{59283386-7e5c-e911-a993-000d3a05c4f0}" />
      </MissingDependency>
      <MissingDependency>
        <Required key="4" type="1" schemaName="udo_lettergeneration" displayName="Letter Generation" solution="Active" />
        <Dependent key="5" type="93" id="{bb4972a4-cd3a-e911-a985-000d3a05c4f0}" />
      </MissingDependency>
      <MissingDependency>
        <Required key="6" type="1" schemaName="udo_scheduledjob" displayName="Scheduled Job" solution="Active" />
        <Dependent key="7" type="93" id="{bf389fd5-d23a-e911-a985-000d3a05c4f0}" />
      </MissingDependency>
      <MissingDependency>
        <Required key="4" type="1" schemaName="udo_lettergeneration" displayName="Letter Generation" solution="Active" />
        <Dependent key="8" type="29" displayName="udo_GenerateLetter" id="{31d71443-7bfa-437e-8cb2-2102ad6351df}" />
      </MissingDependency>
      <MissingDependency>
        <Required key="9" type="1" schemaName="udo_request" displayName="Request" solution="Active" />
        <Dependent key="10" type="93" id="{cc67bea5-d83a-e911-a985-000d3a05c4f0}" />
      </MissingDependency>
      <MissingDependency>
        <Required key="11" type="1" schemaName="udo_interaction" displayName="Interaction" solution="Active" />
        <Dependent key="12" type="93" id="{76f50b5e-d33a-e911-a985-000d3a05c4f0}" />
      </MissingDependency>
      <MissingDependency>
        <Required key="13" type="1" schemaName="crme_chatcobrowsesessionlog" displayName="Chat Session Log" solution="CRMEChatCoBrowse (2015.01.15)" />
        <Dependent key="14" type="93" id="{09307600-cb3a-e911-a985-000d3a05c4f0}" />
      </MissingDependency>
      <MissingDependency>
        <Required key="11" type="1" schemaName="udo_interaction" displayName="Interaction" solution="Active" />
        <Dependent key="15" type="93" id="{a141aa83-d33a-e911-a985-000d3a05c4f0}" />
      </MissingDependency>
      <MissingDependency>
        <Required key="16" type="1" schemaName="udo_interactionspecialsituation" displayName="Interaction Special Situation" solution="Active" />
        <Dependent key="17" type="93" id="{c775c185-d63a-e911-a985-000d3a05c4f0}" />
      </MissingDependency>
      <MissingDependency>
        <Required key="0" type="1" schemaName="udo_servicerequest" displayName="Service Request" solution="Active" />
        <Dependent key="18" type="29" displayName="CloneServiceRequest" id="{27e4bdf2-e3c9-4bbc-8c87-0eceb8a20b95}" />
      </MissingDependency>
      <MissingDependency>
        <Required key="0" type="1" schemaName="udo_servicerequest" displayName="Service Request" solution="Active" />
        <Dependent key="19" type="93" id="{9f4d2e24-c66d-e911-a99c-000d3a05c4f0}" />
      </MissingDependency>
      <MissingDependency>
        <Required key="2" type="1" schemaName="udo_note" displayName="Note" solution="Active" />
        <Dependent key="20" type="29" displayName="note_ForceDelete" id="{09fad693-e7eb-4481-851a-a781ce2a6fb3}" />
      </MissingDependency>
      <MissingDependency>
        <Required key="4" type="1" schemaName="udo_lettergeneration" displayName="Letter Generation" solution="Active" />
        <Dependent key="21" type="93" id="{30bbd358-cd3a-e911-a985-000d3a05c4f0}" />
      </MissingDependency>
      <MissingDependency>
        <Required key="4" type="1" schemaName="udo_lettergeneration" displayName="Letter Generation" solution="Active" />
        <Dependent key="22" type="93" id="{654fce9c-cd3a-e911-a985-000d3a05c4f0}" />
      </MissingDependency>
      <MissingDependency>
        <Required key="2" type="1" schemaName="udo_note" displayName="Note" solution="Active" />
        <Dependent key="23" type="93" id="{090dc18e-805c-e911-a993-000d3a05c4f0}" />
      </MissingDependency>
      <MissingDependency>
        <Required key="0" type="1" schemaName="udo_servicerequest" displayName="Service Request" solution="Active" />
        <Dependent key="24" type="93" id="{4ae67a31-c66d-e911-a99c-000d3a05c4f0}" />
      </MissingDependency>
      <MissingDependency>
        <Required key="11" type="1" schemaName="udo_interaction" displayName="Interaction" solution="Active" />
        <Dependent key="25" type="93" id="{376b4dfc-d33a-e911-a985-000d3a05c4f0}" />
      </MissingDependency>
      <MissingDependency>
        <Required key="11" type="1" schemaName="udo_interaction" displayName="Interaction" solution="Active" />
        <Dependent key="26" type="93" id="{e8d7810c-d33a-e911-a985-000d3a05c4f0}" />
      </MissingDependency>
      <MissingDependency>
        <Required key="27" type="1" schemaName="udo_idproof" displayName="Id Proof" solution="Active" />
        <Dependent key="28" type="93" id="{07aeb42b-cc3a-e911-a985-000d3a05c4f0}" />
      </MissingDependency>
      <MissingDependency>
        <Required key="29" type="2" schemaName="udo_veteran" displayName="Veteran" parentSchemaName="udo_idproof" parentDisplayName="Id Proof" solution="Active" />
        <Dependent key="28" type="93" id="{07aeb42b-cc3a-e911-a985-000d3a05c4f0}" />
      </MissingDependency>
      <MissingDependency>
        <Required key="30" type="2" schemaName="statuscode" displayName="Status Reason" parentSchemaName="udo_interaction" parentDisplayName="Interaction" solution="Active" />
        <Dependent key="25" type="93" id="{376b4dfc-d33a-e911-a985-000d3a05c4f0}" />
      </MissingDependency>
      <MissingDependency>
        <Required key="30" type="2" schemaName="statuscode" displayName="Status Reason" parentSchemaName="udo_interaction" parentDisplayName="Interaction" solution="Active" />
        <Dependent key="26" type="93" id="{e8d7810c-d33a-e911-a985-000d3a05c4f0}" />
      </MissingDependency>
      <MissingDependency>
        <Required key="31" type="2" schemaName="udo_noteid" displayName="Note" parentSchemaName="udo_note" parentDisplayName="Note" solution="Active" />
        <Dependent key="20" type="29" displayName="note_ForceDelete" id="{09fad693-e7eb-4481-851a-a781ce2a6fb3}" />
      </MissingDependency>
      <MissingDependency>
        <Required key="32" type="2" schemaName="udo_name" displayName="Name" parentSchemaName="udo_note" parentDisplayName="Note" solution="Active" />
        <Dependent key="20" type="29" displayName="note_ForceDelete" id="{09fad693-e7eb-4481-851a-a781ce2a6fb3}" />
      </MissingDependency>
      <MissingDependency>
        <Required key="33" type="2" schemaName="udo_name" displayName="Name" parentSchemaName="udo_interactionspecialsituation" parentDisplayName="Interaction Special Situation" solution="Active" />
        <Dependent key="17" type="93" id="{c775c185-d63a-e911-a985-000d3a05c4f0}" />
      </MissingDependency>
      <MissingDependency>
        <Required key="34" type="2" schemaName="udo_interactionid" displayName="Interaction" parentSchemaName="udo_interactionspecialsituation" parentDisplayName="Interaction Special Situation" solution="Active" />
        <Dependent key="17" type="93" id="{c775c185-d63a-e911-a985-000d3a05c4f0}" />
      </MissingDependency>
      <MissingDependency>
        <Required key="35" type="2" schemaName="udo_reqnumber" displayName="Request Number" parentSchemaName="udo_servicerequest" parentDisplayName="Service Request" solution="Active" />
        <Dependent key="18" type="29" displayName="CloneServiceRequest" id="{27e4bdf2-e3c9-4bbc-8c87-0eceb8a20b95}" />
      </MissingDependency>
      <MissingDependency>
        <Required key="36" type="2" schemaName="udo_servicerequestid" displayName="Service Request" parentSchemaName="udo_servicerequest" parentDisplayName="Service Request" solution="Active" />
        <Dependent key="18" type="29" displayName="CloneServiceRequest" id="{27e4bdf2-e3c9-4bbc-8c87-0eceb8a20b95}" />
      </MissingDependency>
      <MissingDependency>
        <Required key="30" type="2" schemaName="statuscode" displayName="Status Reason" parentSchemaName="udo_interaction" parentDisplayName="Interaction" solution="Active" />
        <Dependent key="15" type="93" id="{a141aa83-d33a-e911-a985-000d3a05c4f0}" />
      </MissingDependency>
      <MissingDependency>
        <Required key="30" type="2" schemaName="statuscode" displayName="Status Reason" parentSchemaName="udo_interaction" parentDisplayName="Interaction" solution="Active" />
        <Dependent key="12" type="93" id="{76f50b5e-d33a-e911-a985-000d3a05c4f0}" />
      </MissingDependency>
      <MissingDependency>
        <Required key="37" type="2" schemaName="udo_specialsituationid" displayName="Special Situation" parentSchemaName="udo_interactionspecialsituation" parentDisplayName="Interaction Special Situation" solution="Active" />
        <Dependent key="17" type="93" id="{c775c185-d63a-e911-a985-000d3a05c4f0}" />
      </MissingDependency>
      <MissingDependency>
        <Required key="38" type="2" schemaName="udo_other" displayName="Other" parentSchemaName="udo_interactionspecialsituation" parentDisplayName="Interaction Special Situation" solution="Active" />
        <Dependent key="17" type="93" id="{c775c185-d63a-e911-a985-000d3a05c4f0}" />
      </MissingDependency>
      <MissingDependency>
        <Required key="39" type="2" schemaName="createdon" displayName="Created On" parentSchemaName="udo_request" parentDisplayName="Request" solution="Active" />
        <Dependent key="10" type="93" id="{cc67bea5-d83a-e911-a985-000d3a05c4f0}" />
      </MissingDependency>
      <MissingDependency>
        <Required key="40" type="2" schemaName="udo_subtype" displayName="Sub Type" parentSchemaName="udo_request" parentDisplayName="Request" solution="Active" />
        <Dependent key="10" type="93" id="{cc67bea5-d83a-e911-a985-000d3a05c4f0}" />
      </MissingDependency>
      <MissingDependency>
        <Required key="41" type="2" schemaName="udo_type" displayName="Type" parentSchemaName="udo_request" parentDisplayName="Request" solution="Active" />
        <Dependent key="10" type="93" id="{cc67bea5-d83a-e911-a985-000d3a05c4f0}" />
      </MissingDependency>
      <MissingDependency>
        <Required key="42" type="2" schemaName="udo_name" displayName="Name" parentSchemaName="udo_lettergeneration" parentDisplayName="Letter Generation" solution="Active" />
        <Dependent key="8" type="29" displayName="udo_GenerateLetter" id="{31d71443-7bfa-437e-8cb2-2102ad6351df}" />
      </MissingDependency>
      <MissingDependency>
        <Required key="43" type="2" schemaName="udo_lettergenerationid" displayName="Letter Generation" parentSchemaName="udo_lettergeneration" parentDisplayName="Letter Generation" solution="Active" />
        <Dependent key="8" type="29" displayName="udo_GenerateLetter" id="{31d71443-7bfa-437e-8cb2-2102ad6351df}" />
      </MissingDependency>
      <MissingDependency>
        <Required key="36" type="2" schemaName="udo_servicerequestid" displayName="Service Request" parentSchemaName="udo_servicerequest" parentDisplayName="Service Request" solution="Active" />
        <Dependent key="1" type="29" displayName="udo_GenerateServiceRequest" id="{87309d72-0946-4680-98f3-41256b353727}" />
      </MissingDependency>
      <MissingDependency>
        <Required key="35" type="2" schemaName="udo_reqnumber" displayName="Request Number" parentSchemaName="udo_servicerequest" parentDisplayName="Service Request" solution="Active" />
        <Dependent key="1" type="29" displayName="udo_GenerateServiceRequest" id="{87309d72-0946-4680-98f3-41256b353727}" />
      </MissingDependency>
      <MissingDependency>
        <Required key="44" type="1" schemaName="crme_maritalhistory" displayName="Marital History" solution="CRMEDependentMaintenance (2015.12.01)" />
        <Dependent key="45" type="92" displayName="VRM.CRME.Plugin.DependentMaintenance.CrmeMaritalHistoryCRUDPreStage: Update of crme_maritalhistory" id="{7076809e-1370-e911-a99d-000d3a05c4f0}" />
      </MissingDependency>
      <MissingDependency>
        <Required key="46" type="1" schemaName="crme_dependentmaintenance" displayName="Dependent Maintenance" solution="CRMEDependentMaintenance (2015.12.01)" />
        <Dependent key="47" type="92" displayName="VRM.CRME.Plugin.DependentMaintenance.crmeDependentMaintenanceUpdatePreStage: Update of crme_dependentmaintenance" id="{6e8f7b43-1470-e911-a99d-000d3a05c4f0}" />
      </MissingDependency>
      <MissingDependency>
        <Required key="48" type="1" schemaName="crme_dependent" displayName="Dependent" solution="CRMEDependentMaintenance (2015.12.01)" />
        <Dependent key="49" type="92" displayName="VRM.CRME.Plugin.DependentMaintenance.CRMEDependentUpdatePostStage: Update of crme_dependent" id="{387d67f1-1370-e911-a99d-000d3a05c4f0}" />
      </MissingDependency>
      <MissingDependency>
        <Required key="44" type="1" schemaName="crme_maritalhistory" displayName="Marital History" solution="CRMEDependentMaintenance (2015.12.01)" />
        <Dependent key="50" type="92" displayName="VRM.CRME.Plugin.DependentMaintenance.CrmeMaritalHistoryCRUDPreStage: Create of crme_maritalhistory" id="{1b053591-1370-e911-a99d-000d3a05c4f0}" />
      </MissingDependency>
      <MissingDependency>
        <Required key="16" type="1" schemaName="udo_interactionspecialsituation" displayName="Interaction Special Situation" solution="Active" />
        <Dependent key="51" type="92" displayName="Va.Udo.Crm.SpecialSituation.Plugins.InteractionSpecialSituationPreCreateDelete: Create of udo_interactionspecialsituation" id="{44c27d52-d63a-e911-a985-000d3a05c4f0}" />
      </MissingDependency>
      <MissingDependency>
        <Required key="2" type="1" schemaName="udo_note" displayName="Note" solution="Active" />
        <Dependent key="52" type="92" displayName="VRM.Integration.UDO.Notes.Plugins.UpdateNotesPre: Update of udo_note" id="{28ee7a87-805c-e911-a993-000d3a05c4f0}" />
      </MissingDependency>
      <MissingDependency>
        <Required key="53" type="1" schemaName="udo_securityrole" displayName="UDO Security Role" solution="Active" />
        <Dependent key="54" type="92" displayName="Va.Udo.Crm.UserTool.Plugins.SecurityRolePreRetrieveMultiple: RetrieveMultiple of udo_securityrole" id="{f2ca8fc9-2d47-e911-a992-000d3a05c4f0}" />
      </MissingDependency>
      <MissingDependency>
        <Required key="6" type="1" schemaName="udo_scheduledjob" displayName="Scheduled Job" solution="Active" />
        <Dependent key="55" type="92" displayName="VRM.Integration.ScheduledJob.ScheduledJobPostDelete: Delete of udo_scheduledjob" id="{46074cca-d23a-e911-a985-000d3a05c4f0}" />
      </MissingDependency>
      <MissingDependency>
        <Required key="44" type="1" schemaName="crme_maritalhistory" displayName="Marital History" solution="CRMEDependentMaintenance (2015.12.01)" />
        <Dependent key="56" type="92" displayName="VRM.CRME.Plugin.DependentMaintenance.CrmeMaritalHistoryCRUDPreStage: Delete of crme_maritalhistory" id="{b077f5a4-1370-e911-a99d-000d3a05c4f0}" />
      </MissingDependency>
      <MissingDependency>
        <Required key="4" type="1" schemaName="udo_lettergeneration" displayName="Letter Generation" solution="Active" />
        <Dependent key="57" type="92" displayName="Va.Udo.Crm.Letters.Plugins.PostLetterCreateUpdate: Create of udo_lettergeneration" id="{eb906e4a-cd3a-e911-a985-000d3a05c4f0}" />
      </MissingDependency>
      <MissingDependency>
        <Required key="0" type="1" schemaName="udo_servicerequest" displayName="Service Request" solution="Active" />
        <Dependent key="58" type="92" displayName="Va.Udo.Crm.SSRS.Plugins.GenerateDocumentPost: udo_GenerateServiceRequest of udo_servicerequest" id="{b77d39c9-7b46-e911-a991-000d3a05c4f0}" />
      </MissingDependency>
      <MissingDependency>
        <Required key="53" type="1" schemaName="udo_securityrole" displayName="UDO Security Role" solution="Active" />
        <Dependent key="59" type="92" displayName="Va.Udo.Crm.UserTool.Plugins.UDOSecurityPostUpdate: Update of udo_securityrole" id="{b3cb69cd-2c47-e911-a992-000d3a05c4f0}" />
      </MissingDependency>
      <MissingDependency>
        <Required key="60" type="1" schemaName="crme_spousemaritalhistory" displayName="Spouse Marital History" solution="CRMEDependentMaintenance (2015.12.01)" />
        <Dependent key="61" type="92" displayName="VRM.CRME.Plugin.DependentMaintenance.CrmeSpMarHistCRUDPreStage: Delete of crme_spousemaritalhistory" id="{7fdac52b-1370-e911-a99d-000d3a05c4f0}" />
      </MissingDependency>
      <MissingDependency>
        <Required key="9" type="1" schemaName="udo_request" displayName="Request" solution="Active" />
        <Dependent key="62" type="92" displayName="Va.Udo.Crm.Request.Plugins.RequestCreatePost: Create of udo_request" id="{1700fd8e-d83a-e911-a985-000d3a05c4f0}" />
      </MissingDependency>
      <MissingDependency>
        <Required key="27" type="1" schemaName="udo_idproof" displayName="Id Proof" solution="Active" />
        <Dependent key="63" type="92" displayName="Va.Udo.Crm.eBenefits.Plugins.IDProofCreatePostStage: Create of udo_idproof" id="{b297c709-cc3a-e911-a985-000d3a05c4f0}" />
      </MissingDependency>
      <MissingDependency>
        <Required key="46" type="1" schemaName="crme_dependentmaintenance" displayName="Dependent Maintenance" solution="CRMEDependentMaintenance (2015.12.01)" />
        <Dependent key="64" type="92" displayName="VRM.CRME.Plugin.DependentMaintenance.CrmeDependentMaintenanceUpdatePostStage: Update of crme_dependentmaintenance" id="{6312c7f1-eb6d-e911-a99c-000d3a05c4f0}" />
      </MissingDependency>
      <MissingDependency>
        <Required key="2" type="1" schemaName="udo_note" displayName="Note" solution="Active" />
        <Dependent key="65" type="92" displayName="VRM.Integration.UDO.Notes.Plugins.CreateNotesPre: Create of udo_note" id="{d373e544-805c-e911-a993-000d3a05c4f0}" />
      </MissingDependency>
      <MissingDependency>
        <Required key="66" type="1" schemaName="va_bankaccount" displayName="Change of Address &amp; Bank Account" solution="Active" />
        <Dependent key="67" type="92" displayName="Va.Udo.Crm.CADD.Plugins.CADDUpdatePreStage: Update of va_bankaccount" id="{43f89614-5240-e911-a98a-000d3a05c4f0}" />
      </MissingDependency>
      <MissingDependency>
        <Required key="4" type="1" schemaName="udo_lettergeneration" displayName="Letter Generation" solution="Active" />
        <Dependent key="68" type="92" displayName="Va.Udo.Crm.Letters.Plugins.PostLetterCreateUpdate: Update of udo_lettergeneration" id="{16e12489-cd3a-e911-a985-000d3a05c4f0}" />
      </MissingDependency>
      <MissingDependency>
        <Required key="0" type="1" schemaName="udo_servicerequest" displayName="Service Request" solution="Active" />
        <Dependent key="69" type="92" displayName="Va.Udo.Crm.SSRS.Plugins.GenerateDocumentPost: udo_GenerateLetter of udo_lettergeneration" id="{71669880-7a46-e911-a991-000d3a05c4f0}" />
      </MissingDependency>
      <MissingDependency>
        <Required key="48" type="1" schemaName="crme_dependent" displayName="Dependent" solution="CRMEDependentMaintenance (2015.12.01)" />
        <Dependent key="70" type="92" displayName="VRM.CRME.Plugin.DependentMaintenance.CrmeDependentCreatePostStage: Create of crme_dependent" id="{cae86440-eb6d-e911-a99c-000d3a05c4f0}" />
      </MissingDependency>
      <MissingDependency>
        <Required key="2" type="1" schemaName="udo_note" displayName="Note" solution="Active" />
        <Dependent key="71" type="92" displayName="VRM.Integration.UDO.Notes.Plugins.DeleteNotesPre: Delete of udo_note" id="{57283386-7e5c-e911-a993-000d3a05c4f0}" />
      </MissingDependency>
      <MissingDependency>
        <Required key="11" type="1" schemaName="udo_interaction" displayName="Interaction" solution="Active" />
        <Dependent key="72" type="92" displayName="Va.Udo.Crm.Queue.Plugins.InteractionPrePost: SetState of udo_interaction" id="{79133fef-d23a-e911-a985-000d3a05c4f0}" />
      </MissingDependency>
      <MissingDependency>
        <Required key="73" type="1" schemaName="udo_securitygroup" displayName="UDO Security Group" solution="Active" />
        <Dependent key="74" type="92" displayName="Va.Udo.Crm.UserTool.Plugins.UDOSecurityPostUpdate: Update of udo_securitygroup" id="{58f3b864-2d47-e911-a992-000d3a05c4f0}" />
      </MissingDependency>
      <MissingDependency>
        <Required key="2" type="1" schemaName="udo_note" displayName="Note" solution="Active" />
        <Dependent key="75" type="92" displayName="VRM.Integration.UDO.Notes.Plugins.ForceDeleteNotesPost: udo_note_ForceDelete of udo_note" id="{9e7ac36a-805c-e911-a993-000d3a05c4f0}" />
      </MissingDependency>
      <MissingDependency>
        <Required key="11" type="1" schemaName="udo_interaction" displayName="Interaction" solution="Active" />
        <Dependent key="76" type="92" displayName="Va.Udo.Crm.Queue.Plugins.InteractionPrePost: SetStateDynamicEntity of udo_interaction" id="{e197ff4f-d33a-e911-a985-000d3a05c4f0}" />
      </MissingDependency>
      <MissingDependency>
        <Required key="0" type="1" schemaName="udo_servicerequest" displayName="Service Request" solution="Active" />
        <Dependent key="77" type="92" displayName="Va.Udo.Crm.ServiceRequests.Plugins.PostUpdateServiceRequest: Update of udo_servicerequest" id="{39e6c676-c56d-e911-a99c-000d3a05c4f0}" />
      </MissingDependency>
      <MissingDependency>
        <Required key="46" type="1" schemaName="crme_dependentmaintenance" displayName="Dependent Maintenance" solution="CRMEDependentMaintenance (2015.12.01)" />
        <Dependent key="78" type="92" displayName="VRM.CRME.Plugin.DependentMaintenance.CRMECreatePreDependentMaintenance: Create of crme_dependentmaintenance" id="{66f21512-eb6d-e911-a99c-000d3a05c4f0}" />
      </MissingDependency>
      <MissingDependency>
        <Required key="11" type="1" schemaName="udo_interaction" displayName="Interaction" solution="Active" />
        <Dependent key="79" type="92" displayName="Va.Udo.Crm.Queue.Plugins.InteractionPrePost: Update of udo_interaction" id="{390de875-d33a-e911-a985-000d3a05c4f0}" />
      </MissingDependency>
      <MissingDependency>
        <Required key="46" type="1" schemaName="crme_dependentmaintenance" displayName="Dependent Maintenance" solution="CRMEDependentMaintenance (2015.12.01)" />
        <Dependent key="80" type="92" displayName="VRM.CRME.Plugin.DependentMaintenance.CrmeDependentMaintenanceCreatePostStage: Create of crme_dependentmaintenance" id="{82caf0c2-eb6d-e911-a99c-000d3a05c4f0}" />
      </MissingDependency>
      <MissingDependency>
        <Required key="60" type="1" schemaName="crme_spousemaritalhistory" displayName="Spouse Marital History" solution="CRMEDependentMaintenance (2015.12.01)" />
        <Dependent key="81" type="92" displayName="VRM.CRME.Plugin.DependentMaintenance.CrmeSpMarHistCRUDPreStage: Update of crme_spousemaritalhistory" id="{5b080322-1370-e911-a99d-000d3a05c4f0}" />
      </MissingDependency>
      <MissingDependency>
        <Required key="0" type="1" schemaName="udo_servicerequest" displayName="Service Request" solution="Active" />
        <Dependent key="82" type="92" displayName="Va.Udo.Crm.ServiceRequests.Plugins.PostCloneServiceRequest: udo_CloneServiceRequest of udo_servicerequest" id="{c294b1b2-c56d-e911-a99c-000d3a05c4f0}" />
      </MissingDependency>
      <MissingDependency>
        <Required key="60" type="1" schemaName="crme_spousemaritalhistory" displayName="Spouse Marital History" solution="CRMEDependentMaintenance (2015.12.01)" />
        <Dependent key="83" type="92" displayName="VRM.CRME.Plugin.DependentMaintenance.CrmeSpMarHistCRUDPreStage: Create of crme_spousemaritalhistory" id="{a76dd713-1370-e911-a99d-000d3a05c4f0}" />
      </MissingDependency>
      <MissingDependency>
        <Required key="16" type="1" schemaName="udo_interactionspecialsituation" displayName="Interaction Special Situation" solution="Active" />
        <Dependent key="84" type="92" displayName="Va.Udo.Crm.SpecialSituation.Plugins.InteractionSpecialSituationPreCreateDelete: Delete of udo_interactionspecialsituation" id="{87ac3c62-d63a-e911-a985-000d3a05c4f0}" />
      </MissingDependency>
      <MissingDependency>
        <Required key="13" type="1" schemaName="crme_chatcobrowsesessionlog" displayName="Chat Session Log" solution="CRMEChatCoBrowse (2015.01.15)" />
        <Dependent key="85" type="92" displayName="Va.Udo.Crm.Chat.Plugins.ChatCreatePostStage: Create of crme_chatcobrowsesessionlog" id="{b8373345-ca3a-e911-a985-000d3a05c4f0}" />
      </MissingDependency>
      <MissingDependency>
        <Required key="48" type="1" schemaName="crme_dependent" displayName="Dependent" solution="CRMEDependentMaintenance (2015.12.01)" />
        <Dependent key="86" type="92" displayName="VRM.CRME.Plugin.DependentMaintenance.CrmeDependentCreatePreStage: Create of crme_dependent" id="{3a69c530-eb6d-e911-a99c-000d3a05c4f0}" />
      </MissingDependency>
      <MissingDependency>
        <Required key="13" type="1" schemaName="crme_chatcobrowsesessionlog" displayName="Chat Session Log" solution="CRMEChatCoBrowse (2015.01.15)" />
        <Dependent key="87" type="92" displayName="Va.Udo.Crm.Chat.Plugins.ChatUpdatePostStage: Update of crme_chatcobrowsesessionlog" id="{536739ef-ca3a-e911-a985-000d3a05c4f0}" />
      </MissingDependency>
      <MissingDependency>
        <Required key="88" type="2" schemaName="crme_edipi" displayName="EDIPI" parentSchemaName="crme_chatcobrowsesessionlog" parentDisplayName="Chat Session Log" solution="CRMEChatCoBrowse (2015.01.15)" />
        <Dependent key="87" type="92" displayName="Va.Udo.Crm.Chat.Plugins.ChatUpdatePostStage: Update of crme_chatcobrowsesessionlog" id="{536739ef-ca3a-e911-a985-000d3a05c4f0}" />
      </MissingDependency>
      <MissingDependency>
        <Required key="89" type="2" schemaName="udo_sendnotestomapd" displayName="Send Notes to MAPD" parentSchemaName="udo_servicerequest" parentDisplayName="Service Request" solution="Active" />
        <Dependent key="77" type="92" displayName="Va.Udo.Crm.ServiceRequests.Plugins.PostUpdateServiceRequest: Update of udo_servicerequest" id="{39e6c676-c56d-e911-a99c-000d3a05c4f0}" />
      </MissingDependency>
      <MissingDependency>
        <Required key="90" type="2" schemaName="crme_ssn" displayName="SSN" parentSchemaName="crme_chatcobrowsesessionlog" parentDisplayName="Chat Session Log" solution="CRMEChatCoBrowse (2015.01.15)" />
        <Dependent key="87" type="92" displayName="Va.Udo.Crm.Chat.Plugins.ChatUpdatePostStage: Update of crme_chatcobrowsesessionlog" id="{536739ef-ca3a-e911-a985-000d3a05c4f0}" />
      </MissingDependency>
      <MissingDependency>
        <Required key="91" type="2" schemaName="crme_chatcompleted" displayName="Chat Completed" parentSchemaName="crme_chatcobrowsesessionlog" parentDisplayName="Chat Session Log" solution="CRMEChatCoBrowse (2015.01.15)" />
        <Dependent key="87" type="92" displayName="Va.Udo.Crm.Chat.Plugins.ChatUpdatePostStage: Update of crme_chatcobrowsesessionlog" id="{536739ef-ca3a-e911-a985-000d3a05c4f0}" />
      </MissingDependency>
      <MissingDependency>
        <Required key="92" type="2" schemaName="crme_participantid" displayName="Participant Id" parentSchemaName="crme_chatcobrowsesessionlog" parentDisplayName="Chat Session Log" solution="CRMEChatCoBrowse (2015.01.15)" />
        <Dependent key="87" type="92" displayName="Va.Udo.Crm.Chat.Plugins.ChatUpdatePostStage: Update of crme_chatcobrowsesessionlog" id="{536739ef-ca3a-e911-a985-000d3a05c4f0}" />
      </MissingDependency>
      <MissingDependency>
        <Required key="93" type="2" schemaName="udo_sendnotestomapd" displayName="Send Notes to MAPD" parentSchemaName="udo_lettergeneration" parentDisplayName="Letter Generation" solution="Active" />
        <Dependent key="68" type="92" displayName="Va.Udo.Crm.Letters.Plugins.PostLetterCreateUpdate: Update of udo_lettergeneration" id="{16e12489-cd3a-e911-a985-000d3a05c4f0}" />
      </MissingDependency>
      <MissingDependency>
        <Required key="94" type="2" schemaName="udo_description" displayName="Description" parentSchemaName="udo_lettergeneration" parentDisplayName="Letter Generation" solution="Active" />
        <Dependent key="68" type="92" displayName="Va.Udo.Crm.Letters.Plugins.PostLetterCreateUpdate: Update of udo_lettergeneration" id="{16e12489-cd3a-e911-a985-000d3a05c4f0}" />
      </MissingDependency>
    </MissingDependencies>
  </SolutionManifest>
</ImportExportXml>