<ImportExportXml xmlns:xsi="http://www.w3.org/2001/XMLSchema-instance">
  <Entities></Entities>
  <Roles></Roles>
  <Workflows>
    <Workflow WorkflowId="{cb1d7941-8791-4bb8-9959-0d46318519a9}" Name="VASS - Trace Health and Enrollment Elligibility">
      <XamlFileName>/Workflows/VASS-TraceHealthandEnrollmentElligibility-CB1D7941-8791-4BB8-9959-0D46318519A9.xaml</XamlFileName>
      <Type>1</Type>
      <Subprocess>0</Subprocess>
      <Category>0</Category>
      <Mode>0</Mode>
      <Scope>4</Scope>
      <OnDemand>1</OnDemand>
      <TriggerOnCreate>1</TriggerOnCreate>
      <TriggerOnDelete>0</TriggerOnDelete>
      <AsyncAutodelete>1</AsyncAutodelete>
      <SyncWorkflowLogOnFailure>0</SyncWorkflowLogOnFailure>
      <StateCode>1</StateCode>
      <StatusCode>2</StatusCode>
      <RunAs>1</RunAs>
      <IsTransacted>1</IsTransacted>
      <IntroducedVersion>1.0.0.0</IntroducedVersion>
      <IsCustomizable>1</IsCustomizable>
      <IsCustomProcessingStepAllowedForOtherPublishers>1</IsCustomProcessingStepAllowedForOtherPublishers>
      <PrimaryEntity>Account</PrimaryEntity>
      <LocalizedNames>
        <LocalizedName languagecode="1033" description="VASS - Trace Health and Enrollment Elligibility" />
      </LocalizedNames>
    </Workflow>
  </Workflows>
  <FieldSecurityProfiles></FieldSecurityProfiles>
  <Templates />
  <EntityMaps />
  <EntityRelationships />
  <OrganizationSettings />
  <optionsets />
  <CustomControls />
  <SolutionPluginAssemblies>
    <PluginAssembly FullName="VASS_Test_Tracing, Version=1.0.0.0, Culture=neutral, PublicKeyToken=f9379a508ae51512" PluginAssemblyId="b66a3f2d-fae1-4e22-8325-8d20244f5c22" CustomizationLevel="1">
      <IsolationMode>2</IsolationMode>
      <SourceType>0</SourceType>
      <IntroducedVersion>1.0</IntroducedVersion>
      <FileName>/PluginAssemblies/VASS_Test_Tracing-B66A3F2D-FAE1-4E22-8325-8D20244F5C22/VASS_Test_Tracing.dll</FileName>
      <PluginTypes>
        <PluginType AssemblyQualifiedName="VASS_Test_Tracing.TraceHealthEnrollmentEligibility, VASS_Test_Tracing, Version=1.0.0.0, Culture=neutral, PublicKeyToken=f9379a508ae51512" PluginTypeId="c591923a-2e72-494f-8834-25192f204d1a" Name="VASS_Test_Tracing.TraceHealthEnrollmentEligibility">
          <FriendlyName>08b0453f-1a47-4bf0-b723-8a3fcca01017</FriendlyName>
          <WorkflowActivityGroupName>VASS_Test_Tracing (1.0.0.0)</WorkflowActivityGroupName>
        </PluginType>
      </PluginTypes>
    </PluginAssembly>
  </SolutionPluginAssemblies>
  <EntityDataProviders />
  <Languages>
    <Language>1033</Language>
  </Languages>
</ImportExportXml>