<ImportExportXml xmlns:xsi="http://www.w3.org/2001/XMLSchema-instance">
  <Entities></Entities>
  <Roles></Roles>
  <Workflows></Workflows>
  <FieldSecurityProfiles></FieldSecurityProfiles>
  <Templates />
  <EntityMaps />
  <EntityRelationships />
  <OrganizationSettings />
  <optionsets />
  <WebResources>
    <WebResource>
      <WebResourceId>{38768c61-703b-e911-a986-000d3a05c4f0}</WebResourceId>
      <Name>udo_jquery_3.3.1.min.js</Name>
      <DisplayName>/WebResources/Script (JScript)/udo_jquery_3.3.1.min.js</DisplayName>
      <WebResourceType>3</WebResourceType>
      <IntroducedVersion>1.0</IntroducedVersion>
      <IsEnabledForMobileClient>0</IsEnabledForMobileClient>
      <IsAvailableForMobileOffline>0</IsAvailableForMobileOffline>
      <IsCustomizable>1</IsCustomizable>
      <CanBeDeleted>1</CanBeDeleted>
      <IsHidden>0</IsHidden>
      <FileName>/WebResources/udo_jquery_331minjs38768C61-703B-E911-A986-000D3A05C4F0</FileName>
    </WebResource>
    <WebResource>
      <WebResourceId>{45b9eb52-1844-e911-a98d-000d3a05c4f0}</WebResourceId>
      <Name>udo_CRMCommonJS.js</Name>
      <DisplayName>udo_CRMCommonJS.js</DisplayName>
      <WebResourceType>3</WebResourceType>
      <IntroducedVersion>1.0</IntroducedVersion>
      <IsEnabledForMobileClient>0</IsEnabledForMobileClient>
      <IsAvailableForMobileOffline>0</IsAvailableForMobileOffline>
      <DependencyXml>&lt;Dependencies&gt;&lt;Dependency componentType="WebResource"/&gt;&lt;/Dependencies&gt;</DependencyXml>
      <IsCustomizable>1</IsCustomizable>
      <CanBeDeleted>1</CanBeDeleted>
      <IsHidden>0</IsHidden>
      <FileName>/WebResources/udo_CRMCommonJSjs45B9EB52-1844-E911-A98D-000D3A05C4F0</FileName>
    </WebResource>
    <WebResource>
      <WebResourceId>{0dbccd10-8b5f-e911-a993-000d3a05c4f0}</WebResourceId>
      <Name>udo_Utility.js</Name>
      <DisplayName>udo_Utility.js</DisplayName>
      <WebResourceType>3</WebResourceType>
      <IntroducedVersion>0.0.4.0</IntroducedVersion>
      <IsEnabledForMobileClient>0</IsEnabledForMobileClient>
      <IsAvailableForMobileOffline>0</IsAvailableForMobileOffline>
      <IsCustomizable>1</IsCustomizable>
      <CanBeDeleted>1</CanBeDeleted>
      <IsHidden>0</IsHidden>
      <FileName>/WebResources/udo_Utilityjs0DBCCD10-8B5F-E911-A993-000D3A05C4F0</FileName>
    </WebResource>
    <WebResource>
      <WebResourceId>{d507738d-6114-e511-9434-00155d14e661}</WebResourceId>
      <Name>udo_Payments.js</Name>
      <DisplayName>udo_payments.js</DisplayName>
      <WebResourceType>3</WebResourceType>
      <IntroducedVersion>6.11.2015</IntroducedVersion>
      <IsEnabledForMobileClient>0</IsEnabledForMobileClient>
      <IsAvailableForMobileOffline>0</IsAvailableForMobileOffline>
      <IsCustomizable>1</IsCustomizable>
      <CanBeDeleted>1</CanBeDeleted>
      <IsHidden>0</IsHidden>
      <FileName>/WebResources/udo_PaymentsjsD507738D-6114-E511-9434-00155D14E661</FileName>
    </WebResource>
    <WebResource>
      <WebResourceId>{5f784faf-6114-e511-9434-00155d14e661}</WebResourceId>
      <Name>udo_Payments.html</Name>
      <DisplayName>udo_payments.html</DisplayName>
      <WebResourceType>1</WebResourceType>
      <IntroducedVersion>6.11.2015</IntroducedVersion>
      <IsEnabledForMobileClient>0</IsEnabledForMobileClient>
      <IsAvailableForMobileOffline>0</IsAvailableForMobileOffline>
      <IsCustomizable>1</IsCustomizable>
      <CanBeDeleted>1</CanBeDeleted>
      <IsHidden>0</IsHidden>
      <FileName>/WebResources/udo_Paymentshtml5F784FAF-6114-E511-9434-00155D14E661</FileName>
    </WebResource>
    <WebResource>
      <WebResourceId>{225c6384-5395-e411-8100-00155d31ad03}</WebResourceId>
      <Name>udo_SDK.JQuery.js</Name>
      <DisplayName>udo_SDK.JQuery.js</DisplayName>
      <WebResourceType>3</WebResourceType>
      <IntroducedVersion>0.1.1.0</IntroducedVersion>
      <IsEnabledForMobileClient>0</IsEnabledForMobileClient>
      <IsAvailableForMobileOffline>0</IsAvailableForMobileOffline>
      <IsCustomizable>1</IsCustomizable>
      <CanBeDeleted>1</CanBeDeleted>
      <IsHidden>0</IsHidden>
      <FileName>/WebResources/udo_SDKJQueryjs225C6384-5395-E411-8100-00155D31AD03</FileName>
    </WebResource>
    <WebResource>
      <WebResourceId>{44704755-7397-e411-8102-00155d31ad03}</WebResourceId>
      <Name>udo_json2.js</Name>
      <DisplayName>udo_json2.js</DisplayName>
      <WebResourceType>3</WebResourceType>
      <IntroducedVersion>0.1.1.0</IntroducedVersion>
      <IsEnabledForMobileClient>0</IsEnabledForMobileClient>
      <IsAvailableForMobileOffline>0</IsAvailableForMobileOffline>
      <IsCustomizable>1</IsCustomizable>
      <CanBeDeleted>1</CanBeDeleted>
      <IsHidden>0</IsHidden>
      <FileName>/WebResources/udo_json2js44704755-7397-E411-8102-00155D31AD03</FileName>
    </WebResource>
    <WebResource>
      <WebResourceId>{f42a07bf-5b2f-e311-8234-00505688029a}</WebResourceId>
      <Name>va_jquery_1.10.2.min.js</Name>
      <DisplayName>jquery-1.10.2.min.js</DisplayName>
      <WebResourceType>3</WebResourceType>
      <IntroducedVersion>1.0</IntroducedVersion>
      <IsEnabledForMobileClient>0</IsEnabledForMobileClient>
      <IsAvailableForMobileOffline>0</IsAvailableForMobileOffline>
      <IsCustomizable>1</IsCustomizable>
      <CanBeDeleted>1</CanBeDeleted>
      <IsHidden>0</IsHidden>
      <FileName>/WebResources/va_jquery_1102minjsF42A07BF-5B2F-E311-8234-00505688029A</FileName>
    </WebResource>
    <WebResource>
      <WebResourceId>{291d306e-ac34-e611-9442-0050568df261}</WebResourceId>
      <Name>udo_process.js</Name>
      <DisplayName>udo_process.js</DisplayName>
      <Description>Script for running workflows and actions</Description>
      <WebResourceType>3</WebResourceType>
      <IntroducedVersion>1.2.48.1</IntroducedVersion>
      <IsEnabledForMobileClient>0</IsEnabledForMobileClient>
      <IsAvailableForMobileOffline>0</IsAvailableForMobileOffline>
      <DependencyXml>&lt;Dependencies&gt;&lt;Dependency componentType="WebResource"/&gt;&lt;/Dependencies&gt;</DependencyXml>
      <IsCustomizable>1</IsCustomizable>
      <CanBeDeleted>1</CanBeDeleted>
      <IsHidden>0</IsHidden>
      <FileName>/WebResources/udo_processjs291D306E-AC34-E611-9442-0050568DF261</FileName>
    </WebResource>
  </WebResources>
  <CustomControls />
  <EntityDataProviders />
  <Languages>
    <Language>1033</Language>
  </Languages>
</ImportExportXml>